[{ "id": 4, "journal": 700, "name": "Ventas", "credit": 238.38998, "debit": 0, "balance": 0, "accountNumber": 1 }, { "id": 5, "journal": 477, "name": "IVA Ventas General", "credit": 29.817898, "debit": 0, "balance": 0, "accountNumber": 1 }, { "id": 6, "journal": 430, "name": "Clientes de España", "credit": 0, "debit": 268.2079, "balance": 0, "accountNumber": 724 }, { "id": 7, "journal": 430, "name": "Clientes de Francia", "credit": 0, "debit": 0, "balance": 0, "accountNumber": 250 }, { "id": 12, "journal": 472, "name": "IVA Compras General", "credit": 0, "debit": 19.939499, "balance": 0, "accountNumber": 1 }, { "id": 13, "journal": 600, "name": "Compras", "credit": 0, "debit": 94.94998, "balance": 0, "accountNumber": 1 }, { "id": 14, "journal": 570, "name": "Caja", "credit": 0, "debit": 0, "balance": 0, "accountNumber": 1 }, { "id": 15, "journal": 570, "name": "Banco", "credit": 0, "debit": 0, "balance": 0, "accountNumber": 2 }, { "id": 16, "journal": 570, "name": "PayPal", "credit": 0, "debit": 0, "balance": 0, "accountNumber": 3 }]