[{"id":1,"name":"White","hexColor":"FFFFFF"},{"id":2,"name":"Black","hexColor":"000000"},{"id":3,"name":"Red","hexColor":"FF0000"},{"id":4,"name":"Pink","hexColor":"FFC0CB"},{"id":5,"name":"Brown","hexColor":"A52A2A"},{"id":6,"name":"Salmon","hexColor":"FA8072"},{"id":7,"name":"Orange","hexColor":"FFA500"},{"id":8,"name":"Yellow","hexColor":"FFFF00"},{"id":9,"name":"Green","hexColor":"008000"},{"id":10,"name":"Blue","hexColor":"0000FF"},{"id":11,"name":"Violet","hexColor":"8A2BE2"},{"id":12,"name":"Magenta","hexColor":"FF00FF"},{"id":13,"name":"Purple","hexColor":"800080"},{"id":14,"name":"Gray","hexColor":"808080"}]