[{"id":1,"name":"Afghanistan","iso2":"AF","iso3":"AFG","unCode":4,"zone":"E","phonePrefix":93,"language":128,"currency":2},{"id":2,"name":"Åland Islands","iso2":"AX","iso3":"ALA","unCode":248,"zone":"E","phonePrefix":358,"language":null,"currency":49},{"id":3,"name":"Albania","iso2":"AL","iso3":"ALB","unCode":8,"zone":"E","phonePrefix":355,"language":5,"currency":3},{"id":4,"name":"Algeria","iso2":"DZ","iso3":"DZA","unCode":12,"zone":"E","phonePrefix":213,"language":null,"currency":45},{"id":5,"name":"American Samoa","iso2":"AS","iso3":"ASM","unCode":16,"zone":"E","phonePrefix":1,"language":null,"currency":49},{"id":6,"name":"Andorra","iso2":"AD","iso3":"AND","unCode":20,"zone":"E","phonePrefix":376,"language":null,"currency":49},{"id":7,"name":"Angola","iso2":"AO","iso3":"AGO","unCode":24,"zone":"E","phonePrefix":244,"language":null,"currency":6},{"id":8,"name":"Anguilla","iso2":"AI","iso3":"AIA","unCode":660,"zone":"E","phonePrefix":1,"language":null,"currency":167},{"id":9,"name":"Antarctica","iso2":"AQ","iso3":"ATA","unCode":10,"zone":"E","phonePrefix":672,"language":null,"currency":null},{"id":10,"name":"Antigua and Barbuda","iso2":"AG","iso3":"ATG","unCode":28,"zone":"E","phonePrefix":1,"language":null,"currency":167},{"id":11,"name":"Argentina","iso2":"AR","iso3":"ARG","unCode":32,"zone":"E","phonePrefix":54,"language":149,"currency":7},{"id":12,"name":"Armenia","iso2":"AM","iso3":"ARM","unCode":51,"zone":"E","phonePrefix":374,"language":9,"currency":4},{"id":13,"name":"Aruba","iso2":"AW","iso3":"ABW","unCode":533,"zone":"E","phonePrefix":297,"language":null,"currency":5},{"id":14,"name":"Australia","iso2":"AU","iso3":"AUS","unCode":36,"zone":"E","phonePrefix":61,"language":41,"currency":8},{"id":15,"name":"Austria","iso2":"AT","iso3":"AUT","unCode":40,"zone":"U","phonePrefix":43,"language":52,"currency":49},{"id":16,"name":"Azerbaijan","iso2":"AZ","iso3":"AZE","unCode":31,"zone":"E","phonePrefix":994,"language":14,"currency":10},{"id":17,"name":"Bahamas","iso2":"BS","iso3":"BHS","unCode":44,"zone":"E","phonePrefix":1,"language":null,"currency":22},{"id":18,"name":"Bahrain","iso2":"BH","iso3":"BHR","unCode":48,"zone":"E","phonePrefix":973,"language":7,"currency":15},{"id":19,"name":"Bangladesh","iso2":"BD","iso3":"BGD","unCode":50,"zone":"E","phonePrefix":880,"language":19,"currency":13},{"id":20,"name":"Barbados","iso2":"BB","iso3":"BRB","unCode":52,"zone":"E","phonePrefix":1,"language":null,"currency":12},{"id":21,"name":"Belarus","iso2":"BY","iso3":"BLR","unCode":112,"zone":"E","phonePrefix":375,"language":18,"currency":25},{"id":22,"name":"Belgium","iso2":"BE","iso3":"BEL","unCode":56,"zone":"U","phonePrefix":32,"language":48,"currency":49},{"id":23,"name":"Belize","iso2":"BZ","iso3":"BLZ","unCode":84,"zone":"E","phonePrefix":501,"language":41,"currency":26},{"id":24,"name":"Benin","iso2":"BJ","iso3":"BEN","unCode":204,"zone":"E","phonePrefix":229,"language":null,"currency":169},{"id":25,"name":"Bermuda","iso2":"BM","iso3":"BMU","unCode":60,"zone":"E","phonePrefix":1,"language":null,"currency":17},{"id":26,"name":"Bhutan","iso2":"BT","iso3":"BTN","unCode":64,"zone":"E","phonePrefix":975,"language":null,"currency":67},{"id":27,"name":"Bolivia (Plurinational State of)","iso2":"BO","iso3":"BOL","unCode":68,"zone":"E","phonePrefix":591,"language":149,"currency":19},{"id":28,"name":"Bonaire, Sint Eustatius and Saba","iso2":"BQ","iso3":"BES","unCode":535,"zone":"E","phonePrefix":599,"language":null,"currency":null},{"id":29,"name":"Bosnia and Herzegovina","iso2":"BA","iso3":"BIH","unCode":70,"zone":"E","phonePrefix":387,"language":141,"currency":11},{"id":30,"name":"Botswana","iso2":"BW","iso3":"BWA","unCode":72,"zone":"E","phonePrefix":267,"language":null,"currency":24},{"id":31,"name":"Bouvet Island","iso2":"BV","iso3":"BVT","unCode":74,"zone":"E","phonePrefix":47,"language":null,"currency":109},{"id":32,"name":"Brazil","iso2":"BR","iso3":"BRA","unCode":76,"zone":"E","phonePrefix":55,"language":129,"currency":21},{"id":33,"name":"British Indian Ocean Territory","iso2":"IO","iso3":"IOT","unCode":86,"zone":"E","phonePrefix":246,"language":null,"currency":150},{"id":34,"name":"Brunei Darussalam","iso2":"BN","iso3":"BRN","unCode":96,"zone":"E","phonePrefix":673,"language":101,"currency":18},{"id":35,"name":"Bulgaria","iso2":"BG","iso3":"BGR","unCode":100,"zone":"U","phonePrefix":359,"language":24,"currency":14},{"id":36,"name":"Burkina Faso","iso2":"BF","iso3":"BFA","unCode":854,"zone":"E","phonePrefix":226,"language":null,"currency":169},{"id":37,"name":"Burundi","iso2":"BI","iso3":"BDI","unCode":108,"zone":"E","phonePrefix":257,"language":null,"currency":16},{"id":38,"name":"Cabo Verde","iso2":"CV","iso3":"CPV","unCode":132,"zone":"E","phonePrefix":238,"language":null,"currency":40},{"id":39,"name":"Cambodia","iso2":"KH","iso3":"KHM","unCode":116,"zone":"E","phonePrefix":855,"language":80,"currency":76},{"id":40,"name":"Cameroon","iso2":"CM","iso3":"CMR","unCode":120,"zone":"E","phonePrefix":237,"language":null,"currency":160},{"id":41,"name":"Canada","iso2":"CA","iso3":"CAN","unCode":124,"zone":"E","phonePrefix":1,"language":null,"currency":27},{"id":42,"name":"Cayman Islands","iso2":"KY","iso3":"CYM","unCode":136,"zone":"E","phonePrefix":1,"language":null,"currency":81},{"id":43,"name":"Central African Republic","iso2":"CF","iso3":"CAF","unCode":140,"zone":"E","phonePrefix":236,"language":null,"currency":160},{"id":44,"name":"Chad","iso2":"TD","iso3":"TCD","unCode":148,"zone":"E","phonePrefix":235,"language":null,"currency":160},{"id":45,"name":"Chile","iso2":"CL","iso3":"CHL","unCode":152,"zone":"E","phonePrefix":56,"language":149,"currency":33},{"id":46,"name":"China","iso2":"CN","iso3":"CHN","unCode":156,"zone":"E","phonePrefix":86,"language":116,"currency":34},{"id":47,"name":"Christmas Island","iso2":"CX","iso3":"CXR","unCode":162,"zone":"E","phonePrefix":61,"language":null,"currency":8},{"id":48,"name":"Cocos (Keeling) Islands","iso2":"CC","iso3":"CCK","unCode":166,"zone":"E","phonePrefix":61,"language":null,"currency":8},{"id":49,"name":"Colombia","iso2":"CO","iso3":"COL","unCode":170,"zone":"E","phonePrefix":57,"language":149,"currency":35},{"id":50,"name":"Comoros","iso2":"KM","iso3":"COM","unCode":174,"zone":"E","phonePrefix":269,"language":null,"currency":77},{"id":51,"name":"Congo","iso2":"CG","iso3":"COG","unCode":178,"zone":"E","phonePrefix":242,"language":null,"currency":160},{"id":52,"name":"Congo, Democratic Republic of the","iso2":"CD","iso3":"COD","unCode":180,"zone":"E","phonePrefix":243,"language":null,"currency":28},{"id":53,"name":"Cook Islands","iso2":"CK","iso3":"COK","unCode":184,"zone":"E","phonePrefix":682,"language":null,"currency":111},{"id":54,"name":"Costa Rica","iso2":"CR","iso3":"CRI","unCode":188,"zone":"E","phonePrefix":506,"language":149,"currency":37},{"id":55,"name":"Côte d'Ivoire","iso2":"CI","iso3":"CIV","unCode":384,"zone":"E","phonePrefix":225,"language":null,"currency":169},{"id":56,"name":"Croatia","iso2":"HR","iso3":"HRV","unCode":191,"zone":"U","phonePrefix":385,"language":35,"currency":62},{"id":57,"name":"Cuba","iso2":"CU","iso3":"CUB","unCode":192,"zone":"E","phonePrefix":53,"language":null,"currency":39},{"id":58,"name":"Curaçao","iso2":"CW","iso3":"CUW","unCode":531,"zone":"E","phonePrefix":599,"language":null,"currency":null},{"id":59,"name":"Cyprus","iso2":"CY","iso3":"CYP","unCode":196,"zone":"U","phonePrefix":357,"language":null,"currency":null},{"id":60,"name":"Czechia","iso2":"CZ","iso3":"CZE","unCode":203,"zone":"U","phonePrefix":420,"language":36,"currency":41},{"id":61,"name":"Denmark","iso2":"DK","iso3":"DNK","unCode":208,"zone":"U","phonePrefix":45,"language":37,"currency":43},{"id":62,"name":"Djibouti","iso2":"DJ","iso3":"DJI","unCode":262,"zone":"E","phonePrefix":253,"language":null,"currency":42},{"id":63,"name":"Dominica","iso2":"DM","iso3":"DMA","unCode":212,"zone":"E","phonePrefix":1,"language":null,"currency":167},{"id":64,"name":"Dominican Republic","iso2":"DO","iso3":"DOM","unCode":214,"zone":"E","phonePrefix":1,"language":149,"currency":44},{"id":65,"name":"Ecuador","iso2":"EC","iso3":"ECU","unCode":218,"zone":"E","phonePrefix":593,"language":149,"currency":null},{"id":66,"name":"Egypt","iso2":"EG","iso3":"EGY","unCode":818,"zone":"E","phonePrefix":20,"language":7,"currency":46},{"id":67,"name":"El Salvador","iso2":"SV","iso3":"SLV","unCode":222,"zone":"E","phonePrefix":503,"language":149,"currency":null},{"id":68,"name":"Equatorial Guinea","iso2":"GQ","iso3":"GNQ","unCode":226,"zone":"E","phonePrefix":240,"language":null,"currency":160},{"id":69,"name":"Eritrea","iso2":"ER","iso3":"ERI","unCode":232,"zone":"E","phonePrefix":291,"language":null,"currency":48},{"id":70,"name":"Estonia","iso2":"EE","iso3":"EST","unCode":233,"zone":"U","phonePrefix":372,"language":43,"currency":null},{"id":71,"name":"Eswatini","iso2":"SZ","iso3":"SWZ","unCode":748,"zone":"E","phonePrefix":268,"language":null,"currency":138},{"id":72,"name":"Ethiopia","iso2":"ET","iso3":"ETH","unCode":231,"zone":"E","phonePrefix":251,"language":6,"currency":48},{"id":73,"name":"Falkland Islands (Malvinas)","iso2":"FK","iso3":"FLK","unCode":238,"zone":"E","phonePrefix":500,"language":null,"currency":51},{"id":74,"name":"Faroe Islands","iso2":"FO","iso3":"FRO","unCode":234,"zone":"E","phonePrefix":298,"language":45,"currency":43},{"id":75,"name":"Fiji","iso2":"FJ","iso3":"FJI","unCode":242,"zone":"E","phonePrefix":679,"language":null,"currency":50},{"id":76,"name":"Finland","iso2":"FI","iso3":"FIN","unCode":246,"zone":"U","phonePrefix":358,"language":153,"currency":49},{"id":77,"name":"France","iso2":"FR","iso3":"FRA","unCode":250,"zone":"U","phonePrefix":33,"language":118,"currency":49},{"id":78,"name":"French Guiana","iso2":"GF","iso3":"GUF","unCode":254,"zone":"E","phonePrefix":594,"language":null,"currency":49},{"id":79,"name":"French Polynesia","iso2":"PF","iso3":"PYF","unCode":258,"zone":"E","phonePrefix":689,"language":null,"currency":171},{"id":80,"name":"French Southern Territories","iso2":"TF","iso3":"ATF","unCode":260,"zone":"E","phonePrefix":262,"language":null,"currency":49},{"id":81,"name":"Gabon","iso2":"GA","iso3":"GAB","unCode":266,"zone":"E","phonePrefix":241,"language":null,"currency":160},{"id":82,"name":"Gambia","iso2":"GM","iso3":"GMB","unCode":270,"zone":"E","phonePrefix":220,"language":null,"currency":56},{"id":83,"name":"Georgia","iso2":"GE","iso3":"GEO","unCode":268,"zone":"E","phonePrefix":995,"language":51,"currency":53},{"id":84,"name":"Germany","iso2":"DE","iso3":"DEU","unCode":276,"zone":"U","phonePrefix":49,"language":null,"currency":49},{"id":85,"name":"Ghana","iso2":"GH","iso3":"GHA","unCode":288,"zone":"E","phonePrefix":233,"language":null,"currency":54},{"id":86,"name":"Gibraltar","iso2":"GI","iso3":"GIB","unCode":292,"zone":"E","phonePrefix":350,"language":null,"currency":55},{"id":87,"name":"Greece","iso2":"GR","iso3":"GRC","unCode":300,"zone":"U","phonePrefix":30,"language":53,"currency":49},{"id":88,"name":"Greenland","iso2":"GL","iso3":"GRL","unCode":304,"zone":"E","phonePrefix":299,"language":75,"currency":43},{"id":89,"name":"Grenada","iso2":"GD","iso3":"GRD","unCode":308,"zone":"E","phonePrefix":1,"language":null,"currency":167},{"id":90,"name":"Guadeloupe","iso2":"GP","iso3":"GLP","unCode":312,"zone":"E","phonePrefix":590,"language":null,"currency":49},{"id":91,"name":"Guam","iso2":"GU","iso3":"GUM","unCode":316,"zone":"E","phonePrefix":1,"language":null,"currency":150},{"id":92,"name":"Guatemala","iso2":"GT","iso3":"GTM","unCode":320,"zone":"E","phonePrefix":502,"language":149,"currency":58},{"id":93,"name":"Guernsey","iso2":"GG","iso3":"GGY","unCode":831,"zone":"E","phonePrefix":44,"language":null,"currency":null},{"id":94,"name":"Guinea","iso2":"GN","iso3":"GIN","unCode":324,"zone":"E","phonePrefix":224,"language":null,"currency":57},{"id":95,"name":"Guinea-Bissau","iso2":"GW","iso3":"GNB","unCode":624,"zone":"E","phonePrefix":245,"language":null,"currency":169},{"id":96,"name":"Guyana","iso2":"GY","iso3":"GUY","unCode":328,"zone":"E","phonePrefix":592,"language":null,"currency":59},{"id":97,"name":"Haiti","iso2":"HT","iso3":"HTI","unCode":332,"zone":"E","phonePrefix":509,"language":null,"currency":63},{"id":98,"name":"Heard Island and McDonald Islands","iso2":"HM","iso3":"HMD","unCode":334,"zone":"E","phonePrefix":672,"language":null,"currency":8},{"id":99,"name":"Holy See","iso2":"VA","iso3":"VAT","unCode":336,"zone":"E","phonePrefix":39,"language":null,"currency":49},{"id":100,"name":"Honduras","iso2":"HN","iso3":"HND","unCode":340,"zone":"E","phonePrefix":504,"language":149,"currency":61},{"id":101,"name":"Hong Kong","iso2":"HK","iso3":"HKG","unCode":344,"zone":"E","phonePrefix":852,"language":30,"currency":60},{"id":102,"name":"Hungary","iso2":"HU","iso3":"HUN","unCode":348,"zone":"U","phonePrefix":36,"language":62,"currency":64},{"id":103,"name":"Iceland","iso2":"IS","iso3":"ISL","unCode":352,"zone":"E","phonePrefix":354,"language":70,"currency":70},{"id":104,"name":"India","iso2":"IN","iso3":"IND","unCode":356,"zone":"E","phonePrefix":91,"language":155,"currency":67},{"id":105,"name":"Indonesia","iso2":"ID","iso3":"IDN","unCode":360,"zone":"E","phonePrefix":62,"language":64,"currency":65},{"id":106,"name":"Iran (Islamic Republic of)","iso2":"IR","iso3":"IRN","unCode":364,"zone":"E","phonePrefix":98,"language":126,"currency":69},{"id":107,"name":"Iraq","iso2":"IQ","iso3":"IRQ","unCode":368,"zone":"E","phonePrefix":964,"language":7,"currency":68},{"id":108,"name":"Ireland","iso2":"IE","iso3":"IRL","unCode":372,"zone":"U","phonePrefix":353,"language":66,"currency":49},{"id":109,"name":"Isle of Man","iso2":"IM","iso3":"IMN","unCode":833,"zone":"E","phonePrefix":44,"language":null,"currency":52},{"id":110,"name":"Israel","iso2":"IL","iso3":"ISR","unCode":376,"zone":"E","phonePrefix":972,"language":58,"currency":66},{"id":111,"name":"Italy","iso2":"IT","iso3":"ITA","unCode":380,"zone":"U","phonePrefix":39,"language":71,"currency":49},{"id":112,"name":"Jamaica","iso2":"JM","iso3":"JAM","unCode":388,"zone":"E","phonePrefix":1,"language":41,"currency":71},{"id":113,"name":"Japan","iso2":"JP","iso3":"JPN","unCode":392,"zone":"E","phonePrefix":81,"language":73,"currency":73},{"id":114,"name":"Jersey","iso2":"JE","iso3":"JEY","unCode":832,"zone":"E","phonePrefix":44,"language":null,"currency":52},{"id":115,"name":"Jordan","iso2":"JO","iso3":"JOR","unCode":400,"zone":"E","phonePrefix":962,"language":7,"currency":72},{"id":116,"name":"Kazakhstan","iso2":"KZ","iso3":"KAZ","unCode":398,"zone":"E","phonePrefix":7,"language":79,"currency":82},{"id":117,"name":"Kenya","iso2":"KE","iso3":"KEN","unCode":404,"zone":"E","phonePrefix":254,"language":151,"currency":74},{"id":118,"name":"Kiribati","iso2":"KI","iso3":"KIR","unCode":296,"zone":"E","phonePrefix":686,"language":null,"currency":8},{"id":119,"name":"Korea (Democratic People's Republic of)","iso2":"KP","iso3":"PRK","unCode":408,"zone":"E","phonePrefix":850,"language":null,"currency":78},{"id":120,"name":"Korea, Republic of","iso2":"KR","iso3":"KOR","unCode":410,"zone":"E","phonePrefix":82,"language":86,"currency":79},{"id":121,"name":"Kuwait","iso2":"KW","iso3":"KWT","unCode":414,"zone":"E","phonePrefix":965,"language":7,"currency":80},{"id":122,"name":"Kyrgyzstan","iso2":"KG","iso3":"KGZ","unCode":417,"zone":"E","phonePrefix":996,"language":83,"currency":75},{"id":123,"name":"Lao People's Democratic Republic","iso2":"LA","iso3":"LAO","unCode":418,"zone":"E","phonePrefix":856,"language":94,"currency":83},{"id":124,"name":"Latvia","iso2":"LV","iso3":"LVA","unCode":428,"zone":"U","phonePrefix":371,"language":97,"currency":89},{"id":125,"name":"Lebanon","iso2":"LB","iso3":"LBN","unCode":422,"zone":"E","phonePrefix":961,"language":7,"currency":84},{"id":126,"name":"Lesotho","iso2":"LS","iso3":"LSO","unCode":426,"zone":"E","phonePrefix":266,"language":null,"currency":87},{"id":127,"name":"Liberia","iso2":"LR","iso3":"LBR","unCode":430,"zone":"E","phonePrefix":231,"language":null,"currency":86},{"id":128,"name":"Libya","iso2":"LY","iso3":"LBY","unCode":434,"zone":"E","phonePrefix":218,"language":7,"currency":90},{"id":129,"name":"Liechtenstein","iso2":"LI","iso3":"LIE","unCode":438,"zone":"E","phonePrefix":423,"language":52,"currency":30},{"id":130,"name":"Lithuania","iso2":"LT","iso3":"LTU","unCode":440,"zone":"U","phonePrefix":370,"language":95,"currency":88},{"id":131,"name":"Luxembourg","iso2":"LU","iso3":"LUX","unCode":442,"zone":"U","phonePrefix":352,"language":90,"currency":49},{"id":132,"name":"Macao","iso2":"MO","iso3":"MAC","unCode":446,"zone":"E","phonePrefix":853,"language":30,"currency":97},{"id":133,"name":"Madagascar","iso2":"MG","iso3":"MDG","unCode":450,"zone":"E","phonePrefix":261,"language":null,"currency":93},{"id":134,"name":"Malawi","iso2":"MW","iso3":"MWI","unCode":454,"zone":"E","phonePrefix":265,"language":null,"currency":101},{"id":135,"name":"Malaysia","iso2":"MY","iso3":"MYS","unCode":458,"zone":"E","phonePrefix":60,"language":101,"currency":104},{"id":136,"name":"Maldives","iso2":"MV","iso3":"MDV","unCode":462,"zone":"E","phonePrefix":960,"language":38,"currency":100},{"id":137,"name":"Mali","iso2":"ML","iso3":"MLI","unCode":466,"zone":"E","phonePrefix":223,"language":null,"currency":169},{"id":138,"name":"Malta","iso2":"MT","iso3":"MLT","unCode":470,"zone":"U","phonePrefix":356,"language":103,"currency":null},{"id":139,"name":"Marshall Islands","iso2":"MH","iso3":"MHL","unCode":584,"zone":"E","phonePrefix":692,"language":null,"currency":150},{"id":140,"name":"Martinique","iso2":"MQ","iso3":"MTQ","unCode":474,"zone":"E","phonePrefix":596,"language":null,"currency":49},{"id":141,"name":"Mauritania","iso2":"MR","iso3":"MRT","unCode":478,"zone":"E","phonePrefix":222,"language":null,"currency":98},{"id":142,"name":"Mauritius","iso2":"MU","iso3":"MUS","unCode":480,"zone":"E","phonePrefix":230,"language":null,"currency":99},{"id":143,"name":"Mayotte","iso2":"YT","iso3":"MYT","unCode":175,"zone":"E","phonePrefix":262,"language":null,"currency":49},{"id":144,"name":"Mexico","iso2":"MX","iso3":"MEX","unCode":484,"zone":"E","phonePrefix":52,"language":149,"currency":102},{"id":145,"name":"Micronesia (Federated States of)","iso2":"FM","iso3":"FSM","unCode":583,"zone":"E","phonePrefix":691,"language":null,"currency":150},{"id":146,"name":"Moldova, Republic of","iso2":"MD","iso3":"MDA","unCode":498,"zone":"E","phonePrefix":373,"language":null,"currency":92},{"id":147,"name":"Monaco","iso2":"MC","iso3":"MCO","unCode":492,"zone":"E","phonePrefix":377,"language":48,"currency":49},{"id":148,"name":"Mongolia","iso2":"MN","iso3":"MNG","unCode":496,"zone":"E","phonePrefix":976,"language":107,"currency":96},{"id":149,"name":"Montenegro","iso2":"ME","iso3":"MNE","unCode":499,"zone":"E","phonePrefix":382,"language":141,"currency":49},{"id":150,"name":"Montserrat","iso2":"MS","iso3":"MSR","unCode":500,"zone":"E","phonePrefix":1,"language":null,"currency":167},{"id":151,"name":"Morocco","iso2":"MA","iso3":"MAR","unCode":504,"zone":"E","phonePrefix":212,"language":7,"currency":91},{"id":152,"name":"Mozambique","iso2":"MZ","iso3":"MOZ","unCode":508,"zone":"E","phonePrefix":258,"language":null,"currency":105},{"id":153,"name":"Myanmar","iso2":"MM","iso3":"MMR","unCode":104,"zone":"E","phonePrefix":95,"language":null,"currency":95},{"id":154,"name":"Namibia","iso2":"NA","iso3":"NAM","unCode":516,"zone":"E","phonePrefix":264,"language":null,"currency":106},{"id":155,"name":"Nauru","iso2":"NR","iso3":"NRU","unCode":520,"zone":"E","phonePrefix":674,"language":null,"currency":8},{"id":156,"name":"Nepal","iso2":"NP","iso3":"NPL","unCode":524,"zone":"E","phonePrefix":977,"language":111,"currency":110},{"id":157,"name":"Netherlands","iso2":"NL","iso3":"NLD","unCode":528,"zone":"U","phonePrefix":31,"language":179,"currency":49},{"id":158,"name":"New Caledonia","iso2":"NC","iso3":"NCL","unCode":540,"zone":"E","phonePrefix":687,"language":null,"currency":171},{"id":159,"name":"New Zealand","iso2":"NZ","iso3":"NZL","unCode":554,"zone":"E","phonePrefix":64,"language":104,"currency":111},{"id":160,"name":"Nicaragua","iso2":"NI","iso3":"NIC","unCode":558,"zone":"E","phonePrefix":505,"language":149,"currency":108},{"id":161,"name":"Niger","iso2":"NE","iso3":"NER","unCode":562,"zone":"E","phonePrefix":227,"language":null,"currency":169},{"id":162,"name":"Nigeria","iso2":"NG","iso3":"NGA","unCode":566,"zone":"E","phonePrefix":234,"language":182,"currency":107},{"id":163,"name":"Niue","iso2":"NU","iso3":"NIU","unCode":570,"zone":"E","phonePrefix":683,"language":null,"currency":111},{"id":164,"name":"Norfolk Island","iso2":"NF","iso3":"NFK","unCode":574,"zone":"E","phonePrefix":672,"language":null,"currency":8},{"id":165,"name":"North Macedonia","iso2":"MK","iso3":"MKD","unCode":807,"zone":"E","phonePrefix":389,"language":99,"currency":94},{"id":166,"name":"Northern Mariana Islands","iso2":"MP","iso3":"MNP","unCode":580,"zone":"E","phonePrefix":1,"language":null,"currency":150},{"id":167,"name":"Norway","iso2":"NO","iso3":"NOR","unCode":578,"zone":"E","phonePrefix":47,"language":null,"currency":109},{"id":168,"name":"Oman","iso2":"OM","iso3":"OMN","unCode":512,"zone":"E","phonePrefix":968,"language":7,"currency":112},{"id":169,"name":"Pakistan","iso2":"PK","iso3":"PAK","unCode":586,"zone":"E","phonePrefix":92,"language":171,"currency":117},{"id":170,"name":"Palau","iso2":"PW","iso3":"PLW","unCode":585,"zone":"E","phonePrefix":680,"language":null,"currency":150},{"id":171,"name":"Palestine, State of","iso2":"PS","iso3":"PSE","unCode":275,"zone":"E","phonePrefix":970,"language":null,"currency":72},{"id":172,"name":"Panama","iso2":"PA","iso3":"PAN","unCode":591,"zone":"E","phonePrefix":507,"language":149,"currency":113},{"id":173,"name":"Papua New Guinea","iso2":"PG","iso3":"PNG","unCode":598,"zone":"E","phonePrefix":675,"language":null,"currency":115},{"id":174,"name":"Paraguay","iso2":"PY","iso3":"PRY","unCode":600,"zone":"E","phonePrefix":595,"language":149,"currency":119},{"id":175,"name":"Peru","iso2":"PE","iso3":"PER","unCode":604,"zone":"E","phonePrefix":51,"language":149,"currency":114},{"id":176,"name":"Philippines","iso2":"PH","iso3":"PHL","unCode":608,"zone":"E","phonePrefix":63,"language":41,"currency":116},{"id":177,"name":"Pitcairn","iso2":"PN","iso3":"PCN","unCode":612,"zone":"E","phonePrefix":870,"language":null,"currency":111},{"id":178,"name":"Poland","iso2":"PL","iso3":"POL","unCode":616,"zone":"U","phonePrefix":48,"language":127,"currency":118},{"id":179,"name":"Portugal","iso2":"PT","iso3":"PRT","unCode":620,"zone":"U","phonePrefix":351,"language":129,"currency":49},{"id":180,"name":"Puerto Rico","iso2":"PR","iso3":"PRI","unCode":630,"zone":"E","phonePrefix":1,"language":149,"currency":150},{"id":181,"name":"Qatar","iso2":"QA","iso3":"QAT","unCode":634,"zone":"E","phonePrefix":974,"language":7,"currency":120},{"id":182,"name":"Réunion","iso2":"RE","iso3":"REU","unCode":638,"zone":"E","phonePrefix":262,"language":null,"currency":49},{"id":183,"name":"Romania","iso2":"RO","iso3":"ROU","unCode":642,"zone":"U","phonePrefix":40,"language":133,"currency":121},{"id":184,"name":"Russian Federation","iso2":"RU","iso3":"RUS","unCode":643,"zone":"E","phonePrefix":7,"language":null,"currency":123},{"id":185,"name":"Rwanda","iso2":"RW","iso3":"RWA","unCode":646,"zone":"E","phonePrefix":250,"language":82,"currency":124},{"id":186,"name":"Saint Barthélemy","iso2":"BL","iso3":"BLM","unCode":652,"zone":"E","phonePrefix":590,"language":null,"currency":49},{"id":187,"name":"Saint Helena, Ascension and Tristan da Cunha","iso2":"SH","iso3":"SHN","unCode":654,"zone":"E","phonePrefix":290,"language":null,"currency":52},{"id":188,"name":"Saint Kitts and Nevis","iso2":"KN","iso3":"KNA","unCode":659,"zone":"E","phonePrefix":1,"language":null,"currency":167},{"id":189,"name":"Saint Lucia","iso2":"LC","iso3":"LCA","unCode":662,"zone":"E","phonePrefix":1,"language":null,"currency":167},{"id":190,"name":"Saint Martin (French part)","iso2":"MF","iso3":"MAF","unCode":663,"zone":"E","phonePrefix":590,"language":null,"currency":5},{"id":191,"name":"Saint Pierre and Miquelon","iso2":"PM","iso3":"SPM","unCode":666,"zone":"E","phonePrefix":508,"language":null,"currency":49},{"id":192,"name":"Saint Vincent and the Grenadines","iso2":"VC","iso3":"VCT","unCode":670,"zone":"E","phonePrefix":1,"language":null,"currency":167},{"id":193,"name":"Samoa","iso2":"WS","iso3":"WSM","unCode":882,"zone":"E","phonePrefix":685,"language":null,"currency":49},{"id":194,"name":"San Marino","iso2":"SM","iso3":"SMR","unCode":674,"zone":"E","phonePrefix":378,"language":null,"currency":49},{"id":195,"name":"Sao Tome and Principe","iso2":"ST","iso3":"STP","unCode":678,"zone":"E","phonePrefix":239,"language":null,"currency":136},{"id":196,"name":"Saudi Arabia","iso2":"SA","iso3":"SAU","unCode":682,"zone":"E","phonePrefix":966,"language":7,"currency":125},{"id":197,"name":"Senegal","iso2":"SN","iso3":"SEN","unCode":686,"zone":"E","phonePrefix":221,"language":178,"currency":169},{"id":198,"name":"Serbia","iso2":"RS","iso3":"SRB","unCode":688,"zone":"E","phonePrefix":381,"language":141,"currency":122},{"id":199,"name":"Seychelles","iso2":"SC","iso3":"SYC","unCode":690,"zone":"E","phonePrefix":248,"language":null,"currency":127},{"id":200,"name":"Sierra Leone","iso2":"SL","iso3":"SLE","unCode":694,"zone":"E","phonePrefix":232,"language":null,"currency":132},{"id":201,"name":"Singapore","iso2":"SG","iso3":"SGP","unCode":702,"zone":"E","phonePrefix":65,"language":41,"currency":130},{"id":202,"name":"Sint Maarten (Dutch part)","iso2":"SX","iso3":"SXM","unCode":534,"zone":"E","phonePrefix":1,"language":null,"currency":null},{"id":203,"name":"Slovakia","iso2":"SK","iso3":"SVK","unCode":703,"zone":"U","phonePrefix":421,"language":145,"currency":null},{"id":204,"name":"Slovenia","iso2":"SI","iso3":"SVN","unCode":705,"zone":"U","phonePrefix":386,"language":146,"currency":49},{"id":205,"name":"Solomon Islands","iso2":"SB","iso3":"SLB","unCode":90,"zone":"E","phonePrefix":677,"language":null,"currency":126},{"id":206,"name":"Somalia","iso2":"SO","iso3":"SOM","unCode":706,"zone":"E","phonePrefix":252,"language":null,"currency":133},{"id":207,"name":"South Africa","iso2":"ZA","iso3":"ZAF","unCode":710,"zone":"E","phonePrefix":27,"language":162,"currency":176},{"id":208,"name":"South Georgia and the South Sandwich Islands","iso2":"GS","iso3":"SGS","unCode":239,"zone":"E","phonePrefix":500,"language":null,"currency":52},{"id":209,"name":"South Sudan","iso2":"SS","iso3":"SSD","unCode":728,"zone":"E","phonePrefix":211,"language":null,"currency":null},{"id":210,"name":"Spain","iso2":"ES","iso3":"ESP","unCode":724,"zone":"N","phonePrefix":34,"language":149,"currency":49},{"id":211,"name":"Sri Lanka","iso2":"LK","iso3":"LKA","unCode":144,"zone":"E","phonePrefix":94,"language":144,"currency":85},{"id":212,"name":"Sudan","iso2":"SD","iso3":"SDN","unCode":729,"zone":"E","phonePrefix":249,"language":null,"currency":128},{"id":213,"name":"Suriname","iso2":"SR","iso3":"SUR","unCode":740,"zone":"E","phonePrefix":597,"language":null,"currency":134},{"id":214,"name":"Svalbard and Jan Mayen","iso2":"SJ","iso3":"SJM","unCode":744,"zone":"E","phonePrefix":47,"language":null,"currency":109},{"id":215,"name":"Sweden","iso2":"SE","iso3":"SWE","unCode":752,"zone":"U","phonePrefix":46,"language":153,"currency":129},{"id":216,"name":"Switzerland","iso2":"CH","iso3":"CHE","unCode":756,"zone":"E","phonePrefix":41,"language":131,"currency":30},{"id":217,"name":"Syrian Arab Republic","iso2":"SY","iso3":"SYR","unCode":760,"zone":"E","phonePrefix":963,"language":null,"currency":137},{"id":218,"name":"Taiwan, Province of China","iso2":"TW","iso3":"TWN","unCode":158,"zone":"E","phonePrefix":886,"language":30,"currency":146},{"id":219,"name":"Tajikistan","iso2":"TJ","iso3":"TJK","unCode":762,"zone":"E","phonePrefix":992,"language":156,"currency":140},{"id":220,"name":"Tanzania, United Republic of","iso2":"TZ","iso3":"TZA","unCode":834,"zone":"E","phonePrefix":255,"language":null,"currency":147},{"id":221,"name":"Thailand","iso2":"TH","iso3":"THA","unCode":764,"zone":"E","phonePrefix":66,"language":157,"currency":139},{"id":222,"name":"Timor-Leste","iso2":"TL","iso3":"TLS","unCode":626,"zone":"E","phonePrefix":670,"language":null,"currency":null},{"id":223,"name":"Togo","iso2":"TG","iso3":"TGO","unCode":768,"zone":"E","phonePrefix":228,"language":null,"currency":169},{"id":224,"name":"Tokelau","iso2":"TK","iso3":"TKL","unCode":772,"zone":"E","phonePrefix":690,"language":null,"currency":111},{"id":225,"name":"Tonga","iso2":"TO","iso3":"TON","unCode":776,"zone":"E","phonePrefix":676,"language":null,"currency":143},{"id":226,"name":"Trinidad and Tobago","iso2":"TT","iso3":"TTO","unCode":780,"zone":"E","phonePrefix":1,"language":41,"currency":145},{"id":227,"name":"Tunisia","iso2":"TN","iso3":"TUN","unCode":788,"zone":"E","phonePrefix":216,"language":7,"currency":142},{"id":228,"name":"Turkey","iso2":"TR","iso3":"TUR","unCode":792,"zone":"E","phonePrefix":90,"language":164,"currency":144},{"id":229,"name":"Turkmenistan","iso2":"TM","iso3":"TKM","unCode":795,"zone":"E","phonePrefix":993,"language":160,"currency":141},{"id":230,"name":"Turks and Caicos Islands","iso2":"TC","iso3":"TCA","unCode":796,"zone":"E","phonePrefix":1,"language":null,"currency":150},{"id":231,"name":"Tuvalu","iso2":"TV","iso3":"TUV","unCode":798,"zone":"E","phonePrefix":688,"language":null,"currency":8},{"id":232,"name":"Uganda","iso2":"UG","iso3":"UGA","unCode":800,"zone":"E","phonePrefix":256,"language":null,"currency":149},{"id":233,"name":"Ukraine","iso2":"UA","iso3":"UKR","unCode":804,"zone":"E","phonePrefix":380,"language":170,"currency":148},{"id":234,"name":"United Arab Emirates","iso2":"AE","iso3":"ARE","unCode":784,"zone":"E","phonePrefix":971,"language":7,"currency":1},{"id":235,"name":"United Kingdom of Great Britain and Northern Ireland","iso2":"GB","iso3":"GBR","unCode":826,"zone":"E","phonePrefix":44,"language":177,"currency":52},{"id":236,"name":"United States of America","iso2":"US","iso3":"USA","unCode":840,"zone":"E","phonePrefix":1,"language":41,"currency":150},{"id":237,"name":"United States Minor Outlying Islands","iso2":"UM","iso3":"UMI","unCode":581,"zone":"E","phonePrefix":0,"language":null,"currency":null},{"id":238,"name":"Uruguay","iso2":"UY","iso3":"URY","unCode":858,"zone":"E","phonePrefix":598,"language":149,"currency":154},{"id":239,"name":"Uzbekistan","iso2":"UZ","iso3":"UZB","unCode":860,"zone":"E","phonePrefix":998,"language":172,"currency":155},{"id":240,"name":"Vanuatu","iso2":"VU","iso3":"VUT","unCode":548,"zone":"E","phonePrefix":678,"language":null,"currency":158},{"id":241,"name":"Venezuela (Bolivarian Republic of)","iso2":"VE","iso3":"VEN","unCode":862,"zone":"E","phonePrefix":58,"language":149,"currency":156},{"id":242,"name":"Viet Nam","iso2":"VN","iso3":"VNM","unCode":704,"zone":"E","phonePrefix":84,"language":174,"currency":157},{"id":243,"name":"Virgin Islands (British)","iso2":"VG","iso3":"VGB","unCode":92,"zone":"E","phonePrefix":1,"language":null,"currency":150},{"id":244,"name":"Virgin Islands (U.S.)","iso2":"VI","iso3":"VIR","unCode":850,"zone":"E","phonePrefix":1,"language":null,"currency":150},{"id":245,"name":"Wallis and Futuna","iso2":"WF","iso3":"WLF","unCode":876,"zone":"E","phonePrefix":681,"language":null,"currency":171},{"id":246,"name":"Western Sahara","iso2":"EH","iso3":"ESH","unCode":732,"zone":"E","phonePrefix":212,"language":null,"currency":91},{"id":247,"name":"Yemen","iso2":"YE","iso3":"YEM","unCode":887,"zone":"E","phonePrefix":967,"language":7,"currency":175},{"id":248,"name":"Zambia","iso2":"ZM","iso3":"ZMB","unCode":894,"zone":"E","phonePrefix":260,"language":null,"currency":null},{"id":249,"name":"Zimbabwe","iso2":"ZW","iso3":"ZWE","unCode":716,"zone":"E","phonePrefix":263,"language":41,"currency":null}]