[{"id":1,"name":"United Arab Emirates dirham","sign":"","isoCode":"AED","isoNum":784,"change":0},{"id":2,"name":"Afghan afghani","sign":"؋","isoCode":"AFN","isoNum":971,"change":0},{"id":3,"name":"Albanian lek","sign":"Lek","isoCode":"ALL","isoNum":8,"change":0},{"id":4,"name":"Armenian dram","sign":"","isoCode":"AMD","isoNum":51,"change":0},{"id":5,"name":"Netherlands Antillean guilder","sign":"ƒ","isoCode":"ANG","isoNum":532,"change":0},{"id":6,"name":"Angolan kwanza","sign":"","isoCode":"AOA","isoNum":973,"change":0},{"id":7,"name":"Argentine peso","sign":"$","isoCode":"ARS","isoNum":32,"change":0},{"id":8,"name":"Australian dollar","sign":"$","isoCode":"AUD","isoNum":36,"change":0},{"id":9,"name":"Aruban florin","sign":"ƒ","isoCode":"AWG","isoNum":533,"change":0},{"id":10,"name":"Azerbaijani manat","sign":"ман","isoCode":"AZN","isoNum":944,"change":0},{"id":11,"name":"Bosnia and Herzegovina convertible mark","sign":"KM","isoCode":"BAM","isoNum":977,"change":0},{"id":12,"name":"Barbados dollar","sign":"$","isoCode":"BBD","isoNum":52,"change":0},{"id":13,"name":"Bangladeshi taka","sign":"","isoCode":"BDT","isoNum":50,"change":0},{"id":14,"name":"Bulgarian lev","sign":"лв","isoCode":"BGN","isoNum":975,"change":0},{"id":15,"name":"Bahraini dinar","sign":"","isoCode":"BHD","isoNum":48,"change":0},{"id":16,"name":"Burundian franc","sign":"","isoCode":"BIF","isoNum":108,"change":0},{"id":17,"name":"Bermudian dollar (customarily known as Bermuda dollar)","sign":"$","isoCode":"BMD","isoNum":60,"change":0},{"id":18,"name":"Brunei dollar","sign":"$","isoCode":"BND","isoNum":96,"change":0},{"id":19,"name":"Boliviano","sign":"$b","isoCode":"BOB","isoNum":68,"change":0},{"id":20,"name":"Bolivian Mvdol (funds code)","sign":"$b","isoCode":"BOV","isoNum":984,"change":0},{"id":21,"name":"Brazilian real","sign":"R$","isoCode":"BRL","isoNum":986,"change":0},{"id":22,"name":"Bahamian dollar","sign":"$","isoCode":"BSD","isoNum":44,"change":0},{"id":23,"name":"Bhutanese ngultrum","sign":"","isoCode":"BTN","isoNum":64,"change":0},{"id":24,"name":"Botswana pula","sign":"P","isoCode":"BWP","isoNum":72,"change":0},{"id":25,"name":"Belarusian ruble","sign":"p.","isoCode":"BYR","isoNum":974,"change":0},{"id":26,"name":"Belize dollar","sign":"BZ$","isoCode":"BZD","isoNum":84,"change":0},{"id":27,"name":"Canadian dollar","sign":"$","isoCode":"CAD","isoNum":124,"change":0},{"id":28,"name":"Congolese franc","sign":"","isoCode":"CDF","isoNum":976,"change":0},{"id":29,"name":"WIR Euro (complementary currency)","sign":"","isoCode":"CHE","isoNum":947,"change":0},{"id":30,"name":"Swiss franc","sign":"CHF","isoCode":"CHF","isoNum":756,"change":0},{"id":31,"name":"WIR Franc (complementary currency)","sign":"","isoCode":"CHW","isoNum":948,"change":0},{"id":32,"name":"Unidad de Fomento (funds code)","sign":"$","isoCode":"CLF","isoNum":990,"change":0},{"id":33,"name":"Chilean peso","sign":"$","isoCode":"CLP","isoNum":152,"change":0},{"id":34,"name":"Chinese yuan","sign":"¥","isoCode":"CNY","isoNum":156,"change":0},{"id":35,"name":"Colombian peso","sign":"$","isoCode":"COP","isoNum":170,"change":0},{"id":36,"name":"Unidad de Valor Real","sign":"$","isoCode":"COU","isoNum":970,"change":0},{"id":37,"name":"Costa Rican colon","sign":"₡","isoCode":"CRC","isoNum":188,"change":0},{"id":38,"name":"Cuban convertible peso","sign":"₱","isoCode":"CUC","isoNum":931,"change":0},{"id":39,"name":"Cuban peso","sign":"₱","isoCode":"CUP","isoNum":192,"change":0},{"id":40,"name":"Cape Verde escudo","sign":"","isoCode":"CVE","isoNum":132,"change":0},{"id":41,"name":"Czech koruna","sign":"Kč","isoCode":"CZK","isoNum":203,"change":0},{"id":42,"name":"Djiboutian franc","sign":"","isoCode":"DJF","isoNum":262,"change":0},{"id":43,"name":"Danish krone","sign":"kr","isoCode":"DKK","isoNum":208,"change":0},{"id":44,"name":"Dominican peso","sign":"RD$","isoCode":"DOP","isoNum":214,"change":0},{"id":45,"name":"Algerian dinar","sign":"","isoCode":"DZD","isoNum":12,"change":0},{"id":46,"name":"Egyptian pound","sign":"£","isoCode":"EGP","isoNum":818,"change":0},{"id":47,"name":"Eritrean nakfa","sign":"","isoCode":"ERN","isoNum":232,"change":0},{"id":48,"name":"Ethiopian birr","sign":"","isoCode":"ETB","isoNum":230,"change":0},{"id":49,"name":"Euro","sign":"€","isoCode":"EUR","isoNum":978,"change":0},{"id":50,"name":"Fiji dollar","sign":"$","isoCode":"FJD","isoNum":242,"change":0},{"id":51,"name":"Falkland Islands pound","sign":"£","isoCode":"FKP","isoNum":238,"change":0},{"id":52,"name":"Pound sterling","sign":"£","isoCode":"GBP","isoNum":826,"change":0},{"id":53,"name":"Georgian lari","sign":"","isoCode":"GEL","isoNum":981,"change":0},{"id":54,"name":"Ghanaian cedi","sign":"","isoCode":"GHS","isoNum":936,"change":0},{"id":55,"name":"Gibraltar pound","sign":"£","isoCode":"GIP","isoNum":292,"change":0},{"id":56,"name":"Gambian dalasi","sign":"","isoCode":"GMD","isoNum":270,"change":0},{"id":57,"name":"Guinean franc","sign":"","isoCode":"GNF","isoNum":324,"change":0},{"id":58,"name":"Guatemalan quetzal","sign":"Q","isoCode":"GTQ","isoNum":320,"change":0},{"id":59,"name":"Guyanese dollar","sign":"$","isoCode":"GYD","isoNum":328,"change":0},{"id":60,"name":"Hong Kong dollar","sign":"$","isoCode":"HKD","isoNum":344,"change":0},{"id":61,"name":"Honduran lempira","sign":"L","isoCode":"HNL","isoNum":340,"change":0},{"id":62,"name":"Croatian kuna","sign":"kn","isoCode":"HRK","isoNum":191,"change":0},{"id":63,"name":"Haitian gourde","sign":"","isoCode":"HTG","isoNum":332,"change":0},{"id":64,"name":"Hungarian forint","sign":"Ft","isoCode":"HUF","isoNum":348,"change":0},{"id":65,"name":"Indonesian rupiah","sign":"Rp","isoCode":"IDR","isoNum":360,"change":0},{"id":66,"name":"Israeli new shekel","sign":"₪","isoCode":"ILS","isoNum":376,"change":0},{"id":67,"name":"Indian rupee","sign":"","isoCode":"INR","isoNum":356,"change":0},{"id":68,"name":"Iraqi dinar","sign":"","isoCode":"IQD","isoNum":368,"change":0},{"id":69,"name":"Iranian rial","sign":"﷼","isoCode":"IRR","isoNum":364,"change":0},{"id":70,"name":"Icelandic króna","sign":"kr","isoCode":"ISK","isoNum":352,"change":0},{"id":71,"name":"Jamaican dollar","sign":"J$","isoCode":"JMD","isoNum":388,"change":0},{"id":72,"name":"Jordanian dinar","sign":"","isoCode":"JOD","isoNum":400,"change":0},{"id":73,"name":"Japanese yen","sign":"¥","isoCode":"JPY","isoNum":392,"change":0},{"id":74,"name":"Kenyan shilling","sign":"","isoCode":"KES","isoNum":404,"change":0},{"id":75,"name":"Kyrgyzstani som","sign":"лв","isoCode":"KGS","isoNum":417,"change":0},{"id":76,"name":"Cambodian riel","sign":"៛","isoCode":"KHR","isoNum":116,"change":0},{"id":77,"name":"Comoro franc","sign":"","isoCode":"KMF","isoNum":174,"change":0},{"id":78,"name":"North Korean won","sign":"₩","isoCode":"KPW","isoNum":408,"change":0},{"id":79,"name":"South Korean won","sign":"₩","isoCode":"KRW","isoNum":410,"change":0},{"id":80,"name":"Kuwaiti dinar","sign":"","isoCode":"KWD","isoNum":414,"change":0},{"id":81,"name":"Cayman Islands dollar","sign":"$","isoCode":"KYD","isoNum":136,"change":0},{"id":82,"name":"Kazakhstani tenge","sign":"лв","isoCode":"KZT","isoNum":398,"change":0},{"id":83,"name":"Lao kip","sign":"₭","isoCode":"LAK","isoNum":418,"change":0},{"id":84,"name":"Lebanese pound","sign":"£","isoCode":"LBP","isoNum":422,"change":0},{"id":85,"name":"Sri Lankan rupee","sign":"₨","isoCode":"LKR","isoNum":144,"change":0},{"id":86,"name":"Liberian dollar","sign":"$","isoCode":"LRD","isoNum":430,"change":0},{"id":87,"name":"Lesotho loti","sign":"","isoCode":"LSL","isoNum":426,"change":0},{"id":88,"name":"Lithuanian litas","sign":"Lt","isoCode":"LTL","isoNum":440,"change":0},{"id":89,"name":"Latvian lats","sign":"Ls","isoCode":"LVL","isoNum":428,"change":0},{"id":90,"name":"Libyan dinar","sign":"","isoCode":"LYD","isoNum":434,"change":0},{"id":91,"name":"Moroccan dirham","sign":"","isoCode":"MAD","isoNum":504,"change":0},{"id":92,"name":"Moldovan leu","sign":"","isoCode":"MDL","isoNum":498,"change":0},{"id":93,"name":"Malagasy ariary","sign":"","isoCode":"MGA","isoNum":969,"change":0},{"id":94,"name":"Macedonian denar","sign":"ден","isoCode":"MKD","isoNum":807,"change":0},{"id":95,"name":"Myanma kyat","sign":"","isoCode":"MMK","isoNum":104,"change":0},{"id":96,"name":"Mongolian tugrik","sign":"₮","isoCode":"MNT","isoNum":496,"change":0},{"id":97,"name":"Macanese pataca","sign":"","isoCode":"MOP","isoNum":446,"change":0},{"id":98,"name":"Mauritanian ouguiya","sign":"","isoCode":"MRO","isoNum":478,"change":0},{"id":99,"name":"Mauritian rupee","sign":"₨","isoCode":"MUR","isoNum":480,"change":0},{"id":100,"name":"Maldivian rufiyaa","sign":"","isoCode":"MVR","isoNum":462,"change":0},{"id":101,"name":"Malawian kwacha","sign":"","isoCode":"MWK","isoNum":454,"change":0},{"id":102,"name":"Mexican peso","sign":"$","isoCode":"MXN","isoNum":484,"change":0},{"id":103,"name":"Mexican Unidad de Inversion (UDI) (funds code)","sign":"$","isoCode":"MXV","isoNum":979,"change":0},{"id":104,"name":"Malaysian ringgit","sign":"RM","isoCode":"MYR","isoNum":458,"change":0},{"id":105,"name":"Mozambican metical","sign":"MT","isoCode":"MZN","isoNum":943,"change":0},{"id":106,"name":"Namibian dollar","sign":"","isoCode":"NAD","isoNum":516,"change":0},{"id":107,"name":"Nigerian naira","sign":"₦","isoCode":"NGN","isoNum":566,"change":0},{"id":108,"name":"Nicaraguan córdoba","sign":"C$","isoCode":"NIO","isoNum":558,"change":0},{"id":109,"name":"Norwegian krone","sign":"kr","isoCode":"NOK","isoNum":578,"change":0},{"id":110,"name":"Nepalese rupee","sign":"₨","isoCode":"NPR","isoNum":524,"change":0},{"id":111,"name":"New Zealand dollar","sign":"$","isoCode":"NZD","isoNum":554,"change":0},{"id":112,"name":"Omani rial","sign":"﷼","isoCode":"OMR","isoNum":512,"change":0},{"id":113,"name":"Panamanian balboa","sign":"B/.","isoCode":"PAB","isoNum":590,"change":0},{"id":114,"name":"Peruvian nuevo sol","sign":"S/.","isoCode":"PEN","isoNum":604,"change":0},{"id":115,"name":"Papua New Guinean kina","sign":"","isoCode":"PGK","isoNum":598,"change":0},{"id":116,"name":"Philippine peso","sign":"Php","isoCode":"PHP","isoNum":608,"change":0},{"id":117,"name":"Pakistani rupee","sign":"₨","isoCode":"PKR","isoNum":586,"change":0},{"id":118,"name":"Polish złoty","sign":"zł","isoCode":"PLN","isoNum":985,"change":0},{"id":119,"name":"Paraguayan guaraní","sign":"Gs","isoCode":"PYG","isoNum":600,"change":0},{"id":120,"name":"Qatari riyal","sign":"﷼","isoCode":"QAR","isoNum":634,"change":0},{"id":121,"name":"Romanian new leu","sign":"lei","isoCode":"RON","isoNum":946,"change":0},{"id":122,"name":"Serbian dinar","sign":"Дин","isoCode":"RSD","isoNum":941,"change":0},{"id":123,"name":"Russian rouble","sign":"руб","isoCode":"RUB","isoNum":643,"change":0},{"id":124,"name":"Rwandan franc","sign":"","isoCode":"RWF","isoNum":646,"change":0},{"id":125,"name":"Saudi riyal","sign":"﷼","isoCode":"SAR","isoNum":682,"change":0},{"id":126,"name":"Solomon Islands dollar","sign":"$","isoCode":"SBD","isoNum":90,"change":0},{"id":127,"name":"Seychelles rupee","sign":"₨","isoCode":"SCR","isoNum":690,"change":0},{"id":128,"name":"Sudanese pound","sign":"","isoCode":"SDG","isoNum":938,"change":0},{"id":129,"name":"Swedish krona/kronor","sign":"kr","isoCode":"SEK","isoNum":752,"change":0},{"id":130,"name":"Singapore dollar","sign":"$","isoCode":"SGD","isoNum":702,"change":0},{"id":131,"name":"Saint Helena pound","sign":"£","isoCode":"SHP","isoNum":654,"change":0},{"id":132,"name":"Sierra Leonean leone","sign":"","isoCode":"SLL","isoNum":694,"change":0},{"id":133,"name":"Somali shilling","sign":"S","isoCode":"SOS","isoNum":706,"change":0},{"id":134,"name":"Surinamese dollar","sign":"$","isoCode":"SRD","isoNum":968,"change":0},{"id":135,"name":"South Sudanese pound","sign":"","isoCode":"SSP","isoNum":728,"change":0},{"id":136,"name":"São Tomé and Príncipe dobra","sign":"","isoCode":"STD","isoNum":678,"change":0},{"id":137,"name":"Syrian pound","sign":"£","isoCode":"SYP","isoNum":760,"change":0},{"id":138,"name":"Swazi lilangeni","sign":"","isoCode":"SZL","isoNum":748,"change":0},{"id":139,"name":"Thai baht","sign":"฿","isoCode":"THB","isoNum":764,"change":0},{"id":140,"name":"Tajikistani somoni","sign":"","isoCode":"TJS","isoNum":972,"change":0},{"id":141,"name":"Turkmenistani manat","sign":"","isoCode":"TMT","isoNum":934,"change":0},{"id":142,"name":"Tunisian dinar","sign":"","isoCode":"TND","isoNum":788,"change":0},{"id":143,"name":"Tongan paʻanga","sign":"","isoCode":"TOP","isoNum":776,"change":0},{"id":144,"name":"Turkish lira","sign":"TL","isoCode":"TRY","isoNum":949,"change":0},{"id":145,"name":"Trinidad and Tobago dollar","sign":"TT$","isoCode":"TTD","isoNum":780,"change":0},{"id":146,"name":"New Taiwan dollar","sign":"NT$","isoCode":"TWD","isoNum":901,"change":0},{"id":147,"name":"Tanzanian shilling","sign":"","isoCode":"TZS","isoNum":834,"change":0},{"id":148,"name":"Ukrainian hryvnia","sign":"₴","isoCode":"UAH","isoNum":980,"change":0},{"id":149,"name":"Ugandan shilling","sign":"","isoCode":"UGX","isoNum":800,"change":0},{"id":150,"name":"United States dollar","sign":"$","isoCode":"USD","isoNum":840,"change":0},{"id":151,"name":"United States dollar (next day) (funds code)","sign":"","isoCode":"USN","isoNum":997,"change":0},{"id":152,"name":"United States dollar (same day) (funds code)","sign":"","isoCode":"USS","isoNum":998,"change":0},{"id":153,"name":"Uruguay Peso en Unidades Indexadas (URUIURUI) (funds code)","sign":"$U","isoCode":"UYI","isoNum":940,"change":0},{"id":154,"name":"Uruguayan peso","sign":"$U","isoCode":"UYU","isoNum":858,"change":0},{"id":155,"name":"Uzbekistan som","sign":"лв","isoCode":"UZS","isoNum":860,"change":0},{"id":156,"name":"Venezuelan bolívar fuerte","sign":"Bs","isoCode":"VEF","isoNum":937,"change":0},{"id":157,"name":"Vietnamese dong","sign":"₫","isoCode":"VND","isoNum":704,"change":0},{"id":158,"name":"Vanuatu vatu","sign":"","isoCode":"VUV","isoNum":548,"change":0},{"id":159,"name":"Samoan tala","sign":"","isoCode":"WST","isoNum":882,"change":0},{"id":160,"name":"CFA franc BEAC","sign":"","isoCode":"XAF","isoNum":950,"change":0},{"id":161,"name":"Silver (one troy ounce)","sign":"","isoCode":"XAG","isoNum":961,"change":0},{"id":162,"name":"Gold (one troy ounce)","sign":"","isoCode":"XAU","isoNum":959,"change":0},{"id":163,"name":"European Composite Unit (EURCO) (bond market unit)","sign":"","isoCode":"XBA","isoNum":955,"change":0},{"id":164,"name":"European Monetary Unit (E.M.U.-6) (bond market unit)","sign":"","isoCode":"XBB","isoNum":956,"change":0},{"id":165,"name":"European Unit of Account 9 (E.U.A.-9) (bond market unit)","sign":"","isoCode":"XBC","isoNum":957,"change":0},{"id":166,"name":"European Unit of Account 17 (E.U.A.-17) (bond market unit)","sign":"","isoCode":"XBD","isoNum":958,"change":0},{"id":167,"name":"East Caribbean dollar","sign":"$","isoCode":"XCD","isoNum":951,"change":0},{"id":168,"name":"Special drawing rights","sign":"","isoCode":"XDR","isoNum":960,"change":0},{"id":169,"name":"CFA franc BCEAO","sign":"","isoCode":"XOF","isoNum":952,"change":0},{"id":170,"name":"Palladium (one troy ounce)","sign":"","isoCode":"XPD","isoNum":964,"change":0},{"id":171,"name":"CFP franc","sign":"","isoCode":"XPF","isoNum":953,"change":0},{"id":172,"name":"Platinum (one troy ounce)","sign":"","isoCode":"XPT","isoNum":962,"change":0},{"id":173,"name":"Code reserved for testing purposes","sign":"","isoCode":"XTS","isoNum":963,"change":0},{"id":174,"name":"No currency","sign":"","isoCode":"XXX","isoNum":999,"change":0},{"id":175,"name":"Yemeni rial","sign":"﷼","isoCode":"YER","isoNum":886,"change":0},{"id":176,"name":"South African rand","sign":"R","isoCode":"ZAR","isoNum":710,"change":0},{"id":177,"name":"Zambian kwacha","sign":"","isoCode":"ZMW","isoNum":967,"change":0}]