[{"id":1,"key":"DDP","name":"Delivered Duty Paid"},{"id":2,"key":"DAP","name":"Delivered At Place"},{"id":3,"key":"DPU","name":"Delivered at Place and Unloaded"},{"id":4,"key":"CIP","name":"Carriage and insurance paid"},{"id":5,"key":"CPT","name":"Carriage paid to"},{"id":6,"key":"CIF","name":"Cost, insurance and freight"},{"id":7,"key":"CFR","name":"Cost and freight"},{"id":8,"key":"FCA","name":"Free carrier"},{"id":9,"key":"FOB","name":"Free on board"},{"id":10,"key":"FAS","name":"Free alongside ship"},{"id":11,"key":"EXW","name":"Ex works"}]