[{"id":1,"name":"Abkhazian","iso2":"AB","iso3":"ABK"},{"id":2,"name":"Afar","iso2":"AA","iso3":"AAR"},{"id":3,"name":"Afrikaans","iso2":"AF","iso3":"AFR"},{"id":4,"name":"Akan","iso2":"AK","iso3":"AKA"},{"id":5,"name":"Albanian","iso2":"SQ","iso3":"SQI"},{"id":6,"name":"Amharic","iso2":"AM","iso3":"AMH"},{"id":7,"name":"Arabic","iso2":"AR","iso3":"ARA"},{"id":8,"name":"Aragonese","iso2":"AN","iso3":"ARG"},{"id":9,"name":"Armenian","iso2":"HY","iso3":"HYE"},{"id":10,"name":"Assamese","iso2":"AS","iso3":"ASM"},{"id":11,"name":"Avaric","iso2":"AV","iso3":"AVA"},{"id":12,"name":"Avestan","iso2":"AE","iso3":"AVE"},{"id":13,"name":"Aymara","iso2":"AY","iso3":"AYM"},{"id":14,"name":"Azerbaijani","iso2":"AZ","iso3":"AZE"},{"id":15,"name":"Bambara","iso2":"BM","iso3":"BAM"},{"id":16,"name":"Bashkir","iso2":"BA","iso3":"BAK"},{"id":17,"name":"Basque","iso2":"EU","iso3":"EUS"},{"id":18,"name":"Belarusian","iso2":"BE","iso3":"BEL"},{"id":19,"name":"Bengali","iso2":"BN","iso3":"BEN"},{"id":20,"name":"Bihari languages","iso2":"BH","iso3":"BIH"},{"id":21,"name":"Bislama","iso2":"BI","iso3":"BIS"},{"id":22,"name":"Bosnian","iso2":"BS","iso3":"BOS"},{"id":23,"name":"Breton","iso2":"BR","iso3":"BRE"},{"id":24,"name":"Bulgarian","iso2":"BG","iso3":"BUL"},{"id":25,"name":"Burmese","iso2":"MY","iso3":"MYA"},{"id":26,"name":"Catalan, Valencian","iso2":"CA","iso3":"CAT"},{"id":27,"name":"Chamorro","iso2":"CH","iso3":"CHA"},{"id":28,"name":"Chechen","iso2":"CE","iso3":"CHE"},{"id":29,"name":"Chichewa, Chewa, Nyanja","iso2":"NY","iso3":"NYA"},{"id":30,"name":"Chinese","iso2":"ZH","iso3":"ZHO"},{"id":31,"name":"Chuvash","iso2":"CV","iso3":"CHV"},{"id":32,"name":"Cornish","iso2":"KW","iso3":"COR"},{"id":33,"name":"Corsican","iso2":"CO","iso3":"COS"},{"id":34,"name":"Cree","iso2":"CR","iso3":"CRE"},{"id":35,"name":"Croatian","iso2":"HR","iso3":"HRV"},{"id":36,"name":"Czech","iso2":"CS","iso3":"CES"},{"id":37,"name":"Danish","iso2":"DA","iso3":"DAN"},{"id":38,"name":"Divehi, Dhivehi, Maldivian","iso2":"DV","iso3":"DIV"},{"id":39,"name":"Dutch, Flemish","iso2":"NL","iso3":"NLD"},{"id":40,"name":"Dzongkha","iso2":"DZ","iso3":"DZO"},{"id":41,"name":"English","iso2":"EN","iso3":"ENG"},{"id":42,"name":"Esperanto","iso2":"EO","iso3":"EPO"},{"id":43,"name":"Estonian","iso2":"ET","iso3":"EST"},{"id":44,"name":"Ewe","iso2":"EE","iso3":"EWE"},{"id":45,"name":"Faroese","iso2":"FO","iso3":"FAO"},{"id":46,"name":"Fijian","iso2":"FJ","iso3":"FIJ"},{"id":47,"name":"Finnish","iso2":"FI","iso3":"FIN"},{"id":48,"name":"French","iso2":"FR","iso3":"FRA"},{"id":49,"name":"Fulah","iso2":"FF","iso3":"FUL"},{"id":50,"name":"Galician","iso2":"GL","iso3":"GLG"},{"id":51,"name":"Georgian","iso2":"KA","iso3":"KAT"},{"id":52,"name":"German","iso2":"DE","iso3":"DEU"},{"id":53,"name":"Greek, Modern (1453–)","iso2":"EL","iso3":"ELL"},{"id":54,"name":"Guarani","iso2":"GN","iso3":"GRN"},{"id":55,"name":"Gujarati","iso2":"GU","iso3":"GUJ"},{"id":56,"name":"Haitian, Haitian Creole","iso2":"HT","iso3":"HAT"},{"id":57,"name":"Hausa","iso2":"HA","iso3":"HAU"},{"id":58,"name":"Hebrew","iso2":"HE","iso3":"HEB"},{"id":59,"name":"Herero","iso2":"HZ","iso3":"HER"},{"id":60,"name":"Hindi","iso2":"HI","iso3":"HIN"},{"id":61,"name":"Hiri Motu","iso2":"HO","iso3":"HMO"},{"id":62,"name":"Hungarian","iso2":"HU","iso3":"HUN"},{"id":63,"name":"Interlingua","iso2":"IA","iso3":"INA"},{"id":64,"name":"Indonesian","iso2":"ID","iso3":"IND"},{"id":65,"name":"Interlingue, Occidental","iso2":"IE","iso3":"ILE"},{"id":66,"name":"Irish","iso2":"GA","iso3":"GLE"},{"id":67,"name":"Igbo","iso2":"IG","iso3":"IBO"},{"id":68,"name":"Inupiaq","iso2":"IK","iso3":"IPK"},{"id":69,"name":"Ido","iso2":"IO","iso3":"IDO"},{"id":70,"name":"Icelandic","iso2":"IS","iso3":"ISL"},{"id":71,"name":"Italian","iso2":"IT","iso3":"ITA"},{"id":72,"name":"Inuktitut","iso2":"IU","iso3":"IKU"},{"id":73,"name":"Japanese","iso2":"JA","iso3":"JPN"},{"id":74,"name":"Javanese","iso2":"JV","iso3":"JAV"},{"id":75,"name":"Kalaallisut, Greenlandic","iso2":"KL","iso3":"KAL"},{"id":76,"name":"Kannada","iso2":"KN","iso3":"KAN"},{"id":77,"name":"Kanuri","iso2":"KR","iso3":"KAU"},{"id":78,"name":"Kashmiri","iso2":"KS","iso3":"KAS"},{"id":79,"name":"Kazakh","iso2":"KK","iso3":"KAZ"},{"id":80,"name":"Central Khmer","iso2":"KM","iso3":"KHM"},{"id":81,"name":"Kikuyu, Gikuyu","iso2":"KI","iso3":"KIK"},{"id":82,"name":"Kinyarwanda","iso2":"RW","iso3":"KIN"},{"id":83,"name":"Kirghiz, Kyrgyz","iso2":"KY","iso3":"KIR"},{"id":84,"name":"Komi","iso2":"KV","iso3":"KOM"},{"id":85,"name":"Kongo","iso2":"KG","iso3":"KON"},{"id":86,"name":"Korean","iso2":"KO","iso3":"KOR"},{"id":87,"name":"Kurdish","iso2":"KU","iso3":"KUR"},{"id":88,"name":"Kuanyama, Kwanyama","iso2":"KJ","iso3":"KUA"},{"id":89,"name":"Latin","iso2":"LA","iso3":"LAT"},{"id":90,"name":"Luxembourgish, Letzeburgesch","iso2":"LB","iso3":"LTZ"},{"id":91,"name":"Ganda","iso2":"LG","iso3":"LUG"},{"id":92,"name":"Limburgan, Limburger, Limburgish","iso2":"LI","iso3":"LIM"},{"id":93,"name":"Lingala","iso2":"LN","iso3":"LIN"},{"id":94,"name":"Lao","iso2":"LO","iso3":"LAO"},{"id":95,"name":"Lithuanian","iso2":"LT","iso3":"LIT"},{"id":96,"name":"Luba-Katanga","iso2":"LU","iso3":"LUB"},{"id":97,"name":"Latvian","iso2":"LV","iso3":"LAV"},{"id":98,"name":"Manx","iso2":"GV","iso3":"GLV"},{"id":99,"name":"Macedonian","iso2":"MK","iso3":"MKD"},{"id":100,"name":"Malagasy","iso2":"MG","iso3":"MLG"},{"id":101,"name":"Malay","iso2":"MS","iso3":"MSA"},{"id":102,"name":"Malayalam","iso2":"ML","iso3":"MAL"},{"id":103,"name":"Maltese","iso2":"MT","iso3":"MLT"},{"id":104,"name":"Maori","iso2":"MI","iso3":"MRI"},{"id":105,"name":"Marathi","iso2":"MR","iso3":"MAR"},{"id":106,"name":"Marshallese","iso2":"MH","iso3":"MAH"},{"id":107,"name":"Mongolian","iso2":"MN","iso3":"MON"},{"id":108,"name":"Nauru","iso2":"NA","iso3":"NAU"},{"id":109,"name":"Navajo, Navaho","iso2":"NV","iso3":"NAV"},{"id":110,"name":"North Ndebele","iso2":"ND","iso3":"NDE"},{"id":111,"name":"Nepali","iso2":"NE","iso3":"NEP"},{"id":112,"name":"Ndonga","iso2":"NG","iso3":"NDO"},{"id":113,"name":"Norwegian Bokmål","iso2":"NB","iso3":"NOB"},{"id":114,"name":"Norwegian Nynorsk","iso2":"NN","iso3":"NNO"},{"id":115,"name":"Norwegian","iso2":"NO","iso3":"NOR"},{"id":116,"name":"Sichuan Yi, Nuosu","iso2":"II","iso3":"III"},{"id":117,"name":"South Ndebele","iso2":"NR","iso3":"NBL"},{"id":118,"name":"Occitan","iso2":"OC","iso3":"OCI"},{"id":119,"name":"Ojibwa","iso2":"OJ","iso3":"OJI"},{"id":120,"name":"Church Slavic, Old Slavonic, Church Slavonic","iso2":"CU","iso3":"CHU"},{"id":121,"name":"Oromo","iso2":"OM","iso3":"ORM"},{"id":122,"name":"Oriya","iso2":"OR","iso3":"ORI"},{"id":123,"name":"Ossetian, Ossetic","iso2":"OS","iso3":"OSS"},{"id":124,"name":"Punjabi, Panjabi","iso2":"PA","iso3":"PAN"},{"id":125,"name":"Pali","iso2":"PI","iso3":"PLI"},{"id":126,"name":"Persian","iso2":"FA","iso3":"FAS"},{"id":127,"name":"Polish","iso2":"PL","iso3":"POL"},{"id":128,"name":"Pashto, Pushto","iso2":"PS","iso3":"PUS"},{"id":129,"name":"Portuguese","iso2":"PT","iso3":"POR"},{"id":130,"name":"Quechua","iso2":"QU","iso3":"QUE"},{"id":131,"name":"Romansh","iso2":"RM","iso3":"ROH"},{"id":132,"name":"Rundi","iso2":"RN","iso3":"RUN"},{"id":133,"name":"Romanian, Moldavian, Moldovan","iso2":"RO","iso3":"RON"},{"id":134,"name":"Russian","iso2":"RU","iso3":"RUS"},{"id":135,"name":"Sanskrit","iso2":"SA","iso3":"SAN"},{"id":136,"name":"Sardinian","iso2":"SC","iso3":"SRD"},{"id":137,"name":"Sindhi","iso2":"SD","iso3":"SND"},{"id":138,"name":"Northern Sami","iso2":"SE","iso3":"SME"},{"id":139,"name":"Samoan","iso2":"SM","iso3":"SMO"},{"id":140,"name":"Sango","iso2":"SG","iso3":"SAG"},{"id":141,"name":"Serbian","iso2":"SR","iso3":"SRP"},{"id":142,"name":"Gaelic, Scottish Gaelic","iso2":"GD","iso3":"GLA"},{"id":143,"name":"Shona","iso2":"SN","iso3":"SNA"},{"id":144,"name":"Sinhala, Sinhalese","iso2":"SI","iso3":"SIN"},{"id":145,"name":"Slovak","iso2":"SK","iso3":"SLK"},{"id":146,"name":"Slovenian","iso2":"SL","iso3":"SLV"},{"id":147,"name":"Somali","iso2":"SO","iso3":"SOM"},{"id":148,"name":"Southern Sotho","iso2":"ST","iso3":"SOT"},{"id":149,"name":"Spanish, Castilian","iso2":"ES","iso3":"SPA"},{"id":150,"name":"Sundanese","iso2":"SU","iso3":"SUN"},{"id":151,"name":"Swahili","iso2":"SW","iso3":"SWA"},{"id":152,"name":"Swati","iso2":"SS","iso3":"SSW"},{"id":153,"name":"Swedish","iso2":"SV","iso3":"SWE"},{"id":154,"name":"Tamil","iso2":"TA","iso3":"TAM"},{"id":155,"name":"Telugu","iso2":"TE","iso3":"TEL"},{"id":156,"name":"Tajik","iso2":"TG","iso3":"TGK"},{"id":157,"name":"Thai","iso2":"TH","iso3":"THA"},{"id":158,"name":"Tigrinya","iso2":"TI","iso3":"TIR"},{"id":159,"name":"Tibetan","iso2":"BO","iso3":"BOD"},{"id":160,"name":"Turkmen","iso2":"TK","iso3":"TUK"},{"id":161,"name":"Tagalog","iso2":"TL","iso3":"TGL"},{"id":162,"name":"Tswana","iso2":"TN","iso3":"TSN"},{"id":163,"name":"Tonga (Tonga Islands)","iso2":"TO","iso3":"TON"},{"id":164,"name":"Turkish","iso2":"TR","iso3":"TUR"},{"id":165,"name":"Tsonga","iso2":"TS","iso3":"TSO"},{"id":166,"name":"Tatar","iso2":"TT","iso3":"TAT"},{"id":167,"name":"Twi","iso2":"TW","iso3":"TWI"},{"id":168,"name":"Tahitian","iso2":"TY","iso3":"TAH"},{"id":169,"name":"Uighur, Uyghur","iso2":"UG","iso3":"UIG"},{"id":170,"name":"Ukrainian","iso2":"UK","iso3":"UKR"},{"id":171,"name":"Urdu","iso2":"UR","iso3":"URD"},{"id":172,"name":"Uzbek","iso2":"UZ","iso3":"UZB"},{"id":173,"name":"Venda","iso2":"VE","iso3":"VEN"},{"id":174,"name":"Vietnamese","iso2":"VI","iso3":"VIE"},{"id":175,"name":"Volapük","iso2":"VO","iso3":"VOL"},{"id":176,"name":"Walloon","iso2":"WA","iso3":"WLN"},{"id":177,"name":"Welsh","iso2":"CY","iso3":"CYM"},{"id":178,"name":"Wolof","iso2":"WO","iso3":"WOL"},{"id":179,"name":"Western Frisian","iso2":"FY","iso3":"FRY"},{"id":180,"name":"Xhosa","iso2":"XH","iso3":"XHO"},{"id":181,"name":"Yiddish","iso2":"YI","iso3":"YID"},{"id":182,"name":"Yoruba","iso2":"YO","iso3":"YOR"},{"id":183,"name":"Zhuang, Chuang","iso2":"ZA","iso3":"ZHA"},{"id":184,"name":"Zulu","iso2":"ZU","iso3":"ZUL"}]