[{"id":1,"country":159,"name":"Alberta","isoCode":"AB"},{"id":2,"country":3,"name":"Caserta","isoCode":"CE"},{"id":3,"country":3,"name":"Catania","isoCode":"CT"},{"id":4,"country":3,"name":"Catanzaro","isoCode":"CZ"},{"id":5,"country":3,"name":"Nuoro","isoCode":"NU"},{"id":6,"country":3,"name":"Ogliastra","isoCode":"OG"},{"id":7,"country":3,"name":"Oristano","isoCode":"OR"},{"id":8,"country":3,"name":"Padova","isoCode":"PD"},{"id":9,"country":3,"name":"Palermo","isoCode":"PA"},{"id":10,"country":3,"name":"Parma","isoCode":"PR"},{"id":11,"country":3,"name":"Pavia","isoCode":"PV"},{"id":12,"country":3,"name":"Perugia","isoCode":"PG"},{"id":13,"country":3,"name":"Pesaro-Urbino","isoCode":"PU"},{"id":14,"country":3,"name":"Pescara","isoCode":"PE"},{"id":15,"country":3,"name":"Piacenza","isoCode":"PC"},{"id":16,"country":3,"name":"Pisa","isoCode":"PI"},{"id":17,"country":3,"name":"Pistoia","isoCode":"PT"},{"id":18,"country":3,"name":"Pordenone","isoCode":"PN"},{"id":19,"country":3,"name":"Potenza","isoCode":"PZ"},{"id":20,"country":3,"name":"Prato","isoCode":"PO"},{"id":21,"country":3,"name":"Ragusa","isoCode":"RG"},{"id":22,"country":3,"name":"Rieti","isoCode":"RI"},{"id":23,"country":3,"name":"Rimini","isoCode":"RN"},{"id":24,"country":3,"name":"Salerno","isoCode":"SA"},{"id":25,"country":3,"name":"Savona","isoCode":"SV"},{"id":26,"country":3,"name":"Siena","isoCode":"SI"},{"id":27,"country":3,"name":"Siracusa","isoCode":"SR"},{"id":28,"country":3,"name":"Sondrio","isoCode":"SO"},{"id":29,"country":3,"name":"Taranto","isoCode":"TA"},{"id":30,"country":3,"name":"Teramo","isoCode":"TE"},{"id":31,"country":198,"name":"AP","isoCode":"AP"},{"id":32,"country":198,"name":"Alabama","isoCode":"AL"},{"id":33,"country":198,"name":"Alaska","isoCode":"AK"},{"id":34,"country":198,"name":"Arizona","isoCode":"AZ"},{"id":35,"country":198,"name":"California","isoCode":"CA"},{"id":36,"country":198,"name":"Colorado","isoCode":"CO"},{"id":37,"country":198,"name":"Montana","isoCode":"MT"},{"id":38,"country":198,"name":"Nebraska","isoCode":"NE"},{"id":39,"country":198,"name":"New Hampshire","isoCode":"NH"},{"id":40,"country":198,"name":"New Jersey","isoCode":"NJ"},{"id":41,"country":198,"name":"New Mexico","isoCode":"NM"},{"id":42,"country":221,"name":"Madhya Pradesh","isoCode":"MP"},{"id":43,"country":221,"name":"Maharashtra","isoCode":"MH"},{"id":44,"country":221,"name":"Manipur","isoCode":"MN"},{"id":45,"country":221,"name":"Meghalaya","isoCode":"ML"},{"id":46,"country":221,"name":"Mizoram","isoCode":"MZ"},{"id":47,"country":221,"name":"Nagaland","isoCode":"NL"},{"id":48,"country":221,"name":"Punjab","isoCode":"PB"},{"id":49,"country":221,"name":"Sikkim","isoCode":"SK"},{"id":50,"country":221,"name":"Tamil Nadu","isoCode":"TN"},{"id":51,"country":222,"name":"Banten","isoCode":"ID-BT"},{"id":52,"country":222,"name":"Bengkulu","isoCode":"ID-BE"},{"id":53,"country":222,"name":"Gorontalo","isoCode":"ID-GO"},{"id":54,"country":222,"name":"Jakarta","isoCode":"ID-JK"},{"id":55,"country":222,"name":"Kepulauan Riau","isoCode":"ID-KR"},{"id":56,"country":222,"name":"Lampung","isoCode":"ID-LA"},{"id":57,"country":222,"name":"Maluku","isoCode":"ID-MA"},{"id":58,"country":222,"name":"Maluku Utara","isoCode":"ID-MU"},{"id":59,"country":222,"name":"Nusa Tengara Barat","isoCode":"ID-NB"},{"id":60,"country":222,"name":"Nusa Tenggara Timur","isoCode":"ID-NT"},{"id":61,"country":222,"name":"Papua","isoCode":"ID-PA"},{"id":62,"country":3,"name":"Foggia","isoCode":"FG"},{"id":63,"country":3,"name":"Udine","isoCode":"UD"},{"id":64,"country":3,"name":"Varese","isoCode":"VA"},{"id":65,"country":3,"name":"Venezia","isoCode":"VE"},{"id":66,"country":3,"name":"Verbano-Cusio-Ossola","isoCode":"VB"},{"id":67,"country":100,"name":"Fukushima","isoCode":"07"},{"id":68,"country":100,"name":"Gunma","isoCode":"10"},{"id":69,"country":100,"name":"Hiroshima","isoCode":"34"},{"id":70,"country":100,"name":"Hokkaido","isoCode":"01"},{"id":71,"country":100,"name":"Hyogo","isoCode":"28"},{"id":72,"country":100,"name":"Ibaraki","isoCode":"08"},{"id":73,"country":198,"name":"Delaware","isoCode":"DE"},{"id":74,"country":198,"name":"Florida","isoCode":"FL"},{"id":75,"country":198,"name":"Georgia","isoCode":"GA"},{"id":76,"country":198,"name":"Hawaii","isoCode":"HI"},{"id":77,"country":198,"name":"Idaho","isoCode":"ID"},{"id":78,"country":198,"name":"Illinois","isoCode":"IL"},{"id":79,"country":198,"name":"Indiana","isoCode":"IN"},{"id":80,"country":198,"name":"Iowa","isoCode":"IA"},{"id":81,"country":198,"name":"Kansas","isoCode":"KS"},{"id":82,"country":198,"name":"Kentucky","isoCode":"KY"},{"id":83,"country":198,"name":"Louisiana","isoCode":"LA"},{"id":84,"country":198,"name":"New York","isoCode":"NY"},{"id":85,"country":198,"name":"North Carolina","isoCode":"NC"},{"id":86,"country":61,"name":"Victoria","isoCode":"VIC"},{"id":87,"country":61,"name":"Western Australia","isoCode":"WA"},{"id":88,"country":89,"name":"Buenos Aires","isoCode":"B"},{"id":89,"country":89,"name":"Catamarca","isoCode":"K"},{"id":90,"country":89,"name":"Chaco","isoCode":"H"},{"id":91,"country":89,"name":"Chubut","isoCode":"U"},{"id":92,"country":89,"name":"Córdoba","isoCode":"X"},{"id":93,"country":89,"name":"Corrientes","isoCode":"W"},{"id":94,"country":89,"name":"Entre Ríos","isoCode":"E"},{"id":95,"country":89,"name":"Formosa","isoCode":"P"},{"id":96,"country":89,"name":"Jujuy","isoCode":"Y"},{"id":97,"country":89,"name":"La Pampa","isoCode":"L"},{"id":98,"country":89,"name":"La Rioja","isoCode":"F"},{"id":99,"country":89,"name":"Mendoza","isoCode":"M"},{"id":100,"country":89,"name":"Misiones","isoCode":"N"},{"id":101,"country":89,"name":"Neuquén","isoCode":"Q"},{"id":102,"country":89,"name":"Río Negro","isoCode":"R"},{"id":103,"country":89,"name":"Salta","isoCode":"A"},{"id":104,"country":89,"name":"San Juan","isoCode":"J"},{"id":105,"country":221,"name":"Assam","isoCode":"AS"},{"id":106,"country":221,"name":"Bihar","isoCode":"BR"},{"id":107,"country":221,"name":"Gujarat","isoCode":"GJ"},{"id":108,"country":221,"name":"Haryana","isoCode":"HR"},{"id":109,"country":221,"name":"Himachal Pradesh","isoCode":"HP"},{"id":110,"country":221,"name":"Jharkhand","isoCode":"JH"},{"id":111,"country":221,"name":"Karnataka","isoCode":"KA"},{"id":112,"country":221,"name":"Kerala","isoCode":"KL"},{"id":113,"country":159,"name":"Manitoba","isoCode":"MB"},{"id":114,"country":1,"name":"Cádiz","isoCode":"ES-CA"},{"id":115,"country":1,"name":"Cantabria","isoCode":"ES-S"},{"id":116,"country":1,"name":"Castelló","isoCode":"ES-CS"},{"id":117,"country":1,"name":"Ciudad Real","isoCode":"ES-CR"},{"id":118,"country":1,"name":"Córdoba","isoCode":"ES-CO"},{"id":119,"country":1,"name":"Cuenca","isoCode":"ES-CU"},{"id":120,"country":1,"name":"Girona","isoCode":"ES-GI"},{"id":121,"country":1,"name":"Guadalajara","isoCode":"ES-GU"},{"id":122,"country":1,"name":"Gipuzkoa","isoCode":"ES-SS"},{"id":123,"country":1,"name":"Huelva","isoCode":"ES-H"},{"id":124,"country":1,"name":"Huesca","isoCode":"ES-HU"},{"id":125,"country":1,"name":"Jaén","isoCode":"ES-J"},{"id":126,"country":1,"name":"La Rioja","isoCode":"ES-LO"},{"id":127,"country":1,"name":"Las Palmas","isoCode":"ES-GC"},{"id":128,"country":1,"name":"León","isoCode":"ES-LE"},{"id":129,"country":1,"name":"Lleida","isoCode":"ES-L"},{"id":130,"country":3,"name":"Terni","isoCode":"TR"},{"id":131,"country":3,"name":"Torino","isoCode":"TO"},{"id":132,"country":3,"name":"Trapani","isoCode":"TP"},{"id":133,"country":3,"name":"Trieste","isoCode":"TS"},{"id":134,"country":100,"name":"Fukui","isoCode":"18"},{"id":135,"country":100,"name":"Gifu","isoCode":"21"},{"id":136,"country":100,"name":"Shizuoka","isoCode":"22"},{"id":137,"country":100,"name":"Tokushima","isoCode":"36"},{"id":138,"country":100,"name":"Tokyo","isoCode":"13"},{"id":139,"country":100,"name":"Tottori","isoCode":"31"},{"id":140,"country":100,"name":"Toyama","isoCode":"16"},{"id":141,"country":100,"name":"Wakayama","isoCode":"30"},{"id":142,"country":100,"name":"Yamagata","isoCode":"06"},{"id":143,"country":100,"name":"Yamaguchi","isoCode":"35"},{"id":144,"country":100,"name":"Yamanashi","isoCode":"19"},{"id":145,"country":198,"name":"AA","isoCode":"AA"},{"id":146,"country":198,"name":"AE","isoCode":"AE"},{"id":147,"country":159,"name":"Nova Scotia","isoCode":"NS"},{"id":148,"country":159,"name":"New Brunswick","isoCode":"NB"},{"id":149,"country":159,"name":"Northwest Territories","isoCode":"NT"},{"id":150,"country":159,"name":"Yukon","isoCode":"YT"},{"id":151,"country":1,"name":"A Coruña","isoCode":"ES-C"},{"id":152,"country":1,"name":"Álava","isoCode":"ES-VI"},{"id":153,"country":1,"name":"Albacete","isoCode":"ES-AB"},{"id":154,"country":1,"name":"Alacant","isoCode":"ES-A"},{"id":155,"country":1,"name":"Almería","isoCode":"ES-AL"},{"id":156,"country":1,"name":"Asturias","isoCode":"ES-O"},{"id":157,"country":1,"name":"Ávila","isoCode":"ES-AV"},{"id":158,"country":1,"name":"Cáceres","isoCode":"ES-CC"},{"id":159,"country":1,"name":"Palencia","isoCode":"ES-P"},{"id":160,"country":1,"name":"Pontevedra","isoCode":"ES-PO"},{"id":161,"country":1,"name":"Salamanca","isoCode":"ES-SA"},{"id":162,"country":1,"name":"Santa Cruz de Tenerife","isoCode":"ES-TF"},{"id":163,"country":1,"name":"Segovia","isoCode":"ES-SG"},{"id":164,"country":1,"name":"Sevilla","isoCode":"ES-SE"},{"id":165,"country":222,"name":"Papua Barat","isoCode":"ID-PB"},{"id":166,"country":222,"name":"Riau","isoCode":"ID-RI"},{"id":167,"country":222,"name":"Sulawesi Barat","isoCode":"ID-SR"},{"id":168,"country":222,"name":"Sulawesi Selatan","isoCode":"ID-SN"},{"id":169,"country":222,"name":"Sulawesi Tengah","isoCode":"ID-ST"},{"id":170,"country":222,"name":"Sulawesi Tenggara","isoCode":"ID-SG"},{"id":171,"country":222,"name":"Sulawesi Utara","isoCode":"ID-SA"},{"id":172,"country":222,"name":"Sumatera Barat","isoCode":"ID-SB"},{"id":173,"country":222,"name":"Sumatera Selatan","isoCode":"ID-SS"},{"id":174,"country":222,"name":"Sumatera Utara","isoCode":"ID-SU"},{"id":175,"country":222,"name":"Yogyakarta","isoCode":"ID-YO"},{"id":176,"country":204,"name":"Aguascalientes","isoCode":"AGS"},{"id":177,"country":204,"name":"Baja California","isoCode":"BCN"},{"id":178,"country":204,"name":"Baja California Sur","isoCode":"BCS"},{"id":179,"country":204,"name":"Campeche","isoCode":"CAM"},{"id":180,"country":204,"name":"Chiapas","isoCode":"CHP"},{"id":181,"country":204,"name":"Chihuahua","isoCode":"CHH"},{"id":182,"country":204,"name":"Coahuila","isoCode":"COA"},{"id":183,"country":204,"name":"Colima","isoCode":"COL"},{"id":184,"country":204,"name":"Distrito Federal","isoCode":"DIF"},{"id":185,"country":204,"name":"Durango","isoCode":"DUR"},{"id":186,"country":204,"name":"Guanajuato","isoCode":"GUA"},{"id":187,"country":204,"name":"Guerrero","isoCode":"GRO"},{"id":188,"country":204,"name":"Hidalgo","isoCode":"HID"},{"id":189,"country":204,"name":"Jalisco","isoCode":"JAL"},{"id":190,"country":1,"name":"Barcelona","isoCode":"ES-B"},{"id":191,"country":1,"name":"Burgos","isoCode":"ES-BU"},{"id":192,"country":1,"name":"Lugo","isoCode":"ES-LU"},{"id":193,"country":1,"name":"Madrid","isoCode":"ES-M"},{"id":194,"country":1,"name":"Málaga","isoCode":"ES-MA"},{"id":195,"country":1,"name":"Murcia","isoCode":"ES-MU"},{"id":196,"country":1,"name":"Nafarroa","isoCode":"ES-NA"},{"id":197,"country":1,"name":"Soria","isoCode":"ES-SO"},{"id":198,"country":1,"name":"Tarragona","isoCode":"ES-T"},{"id":199,"country":1,"name":"Teruel","isoCode":"ES-TE"},{"id":200,"country":1,"name":"Toledo","isoCode":"ES-TO"},{"id":201,"country":1,"name":"València","isoCode":"ES-V"},{"id":202,"country":1,"name":"Valladolid","isoCode":"ES-VA"},{"id":203,"country":1,"name":"Bizkaia","isoCode":"ES-BI"},{"id":204,"country":1,"name":"Zamora","isoCode":"ES-ZA"},{"id":205,"country":1,"name":" Ceuta","isoCode":"ES-CE"},{"id":206,"country":1,"name":" Melilla","isoCode":"ES-ML"},{"id":207,"country":3,"name":"Agrigento","isoCode":"AG"},{"id":208,"country":3,"name":"Ancona","isoCode":"AN"},{"id":209,"country":3,"name":"Aosta","isoCode":"AO"},{"id":210,"country":3,"name":"Arezzo","isoCode":"AR"},{"id":211,"country":3,"name":"Asti","isoCode":"AT"},{"id":212,"country":3,"name":"Avellino","isoCode":"AV"},{"id":213,"country":3,"name":"Bari","isoCode":"BA"},{"id":214,"country":3,"name":"Belluno","isoCode":"BL"},{"id":215,"country":3,"name":"Forlì-Cesena","isoCode":"FC"},{"id":216,"country":3,"name":"Frosinone","isoCode":"FR"},{"id":217,"country":3,"name":"Genova","isoCode":"GE"},{"id":218,"country":3,"name":"Gorizia","isoCode":"GO"},{"id":219,"country":3,"name":"Grosseto","isoCode":"GR"},{"id":220,"country":3,"name":"Imperia","isoCode":"IM"},{"id":221,"country":3,"name":"Isernia","isoCode":"IS"},{"id":222,"country":3,"name":"L'Aquila","isoCode":"AQ"},{"id":223,"country":3,"name":"La Spezia","isoCode":"SP"},{"id":224,"country":3,"name":"Latina","isoCode":"LT"},{"id":225,"country":3,"name":"Lecce","isoCode":"LE"},{"id":226,"country":3,"name":"Vercelli","isoCode":"VC"},{"id":227,"country":3,"name":"Verona","isoCode":"VR"},{"id":228,"country":3,"name":"Vibo Valentia","isoCode":"VV"},{"id":229,"country":3,"name":"Vicenza","isoCode":"VI"},{"id":230,"country":3,"name":"Viterbo","isoCode":"VT"},{"id":231,"country":100,"name":"Aichi","isoCode":"23"},{"id":232,"country":100,"name":"Ishikawa","isoCode":"17"},{"id":233,"country":100,"name":"Iwate","isoCode":"03"},{"id":234,"country":100,"name":"Kagawa","isoCode":"37"},{"id":235,"country":100,"name":"Kyoto","isoCode":"26"},{"id":236,"country":100,"name":"Mie","isoCode":"24"},{"id":237,"country":100,"name":"Miyagi","isoCode":"04"},{"id":238,"country":100,"name":"Nagano","isoCode":"20"},{"id":239,"country":100,"name":"Nagasaki","isoCode":"42"},{"id":240,"country":100,"name":"Nara","isoCode":"29"},{"id":241,"country":100,"name":"Niigata","isoCode":"15"},{"id":242,"country":100,"name":"Oita","isoCode":"44"},{"id":243,"country":100,"name":"Okayama","isoCode":"33"},{"id":244,"country":198,"name":"Maine","isoCode":"ME"},{"id":245,"country":159,"name":"Ontario","isoCode":"ON"},{"id":246,"country":3,"name":"Benevento","isoCode":"BN"},{"id":247,"country":3,"name":"Bergamo","isoCode":"BG"},{"id":248,"country":3,"name":"Biella","isoCode":"BI"},{"id":249,"country":3,"name":"Bologna","isoCode":"BO"},{"id":250,"country":3,"name":"Bolzano","isoCode":"BZ"},{"id":251,"country":3,"name":"Brescia","isoCode":"BS"},{"id":252,"country":3,"name":"Caltanissetta","isoCode":"CL"},{"id":253,"country":3,"name":"Campobasso","isoCode":"CB"},{"id":254,"country":3,"name":"Carbonia-Iglesias","isoCode":"CI"},{"id":255,"country":3,"name":"Lecco","isoCode":"LC"},{"id":256,"country":3,"name":"Livorno","isoCode":"LI"},{"id":257,"country":3,"name":"Lodi","isoCode":"LO"},{"id":258,"country":3,"name":"Lucca","isoCode":"LU"},{"id":259,"country":3,"name":"Massa","isoCode":"MS"},{"id":260,"country":3,"name":"Medio Campidano","isoCode":"VS"},{"id":261,"country":3,"name":"Milano","isoCode":"MI"},{"id":262,"country":3,"name":"Modena","isoCode":"MO"},{"id":263,"country":3,"name":"Napoli","isoCode":"NA"},{"id":264,"country":3,"name":"Novara","isoCode":"NO"},{"id":265,"country":100,"name":"Akita","isoCode":"05"},{"id":266,"country":100,"name":"Aomori","isoCode":"02"},{"id":267,"country":100,"name":"Chiba","isoCode":"12"},{"id":268,"country":100,"name":"Ehime","isoCode":"38"},{"id":269,"country":100,"name":"Okinawa","isoCode":"47"},{"id":270,"country":100,"name":"Osaka","isoCode":"27"},{"id":271,"country":100,"name":"Saga","isoCode":"41"},{"id":272,"country":100,"name":"Saitama","isoCode":"11"},{"id":273,"country":100,"name":"Shiga","isoCode":"25"},{"id":274,"country":100,"name":"Shimane","isoCode":"32"},{"id":275,"country":198,"name":"Maryland","isoCode":"MD"},{"id":276,"country":198,"name":"Massachusetts","isoCode":"MA"},{"id":277,"country":198,"name":"Nevada","isoCode":"NV"},{"id":278,"country":61,"name":"Tasmania","isoCode":"TAS"},{"id":279,"country":89,"name":"San Luis","isoCode":"D"},{"id":280,"country":89,"name":"Santa Cruz","isoCode":"Z"},{"id":281,"country":89,"name":"Santiago del Estero","isoCode":"G"},{"id":282,"country":89,"name":"Tierra del Fuego","isoCode":"V"},{"id":283,"country":89,"name":"Tucumán","isoCode":"T"},{"id":284,"country":221,"name":"Rajasthan","isoCode":"RJ"},{"id":285,"country":221,"name":"Telangana","isoCode":"TG"},{"id":286,"country":221,"name":"Uttar Pradesh","isoCode":"UP"},{"id":287,"country":221,"name":"Uttarakhand","isoCode":"UT"},{"id":288,"country":221,"name":"West Bengal","isoCode":"WB"},{"id":289,"country":222,"name":"Aceh","isoCode":"ID-AC"},{"id":290,"country":222,"name":"Bali","isoCode":"ID-BA"},{"id":291,"country":204,"name":"Estado de México","isoCode":"MEX"},{"id":292,"country":204,"name":"Michoacán","isoCode":"MIC"},{"id":293,"country":204,"name":"Morelos","isoCode":"MOR"},{"id":294,"country":204,"name":"Nayarit","isoCode":"NAY"},{"id":295,"country":204,"name":"Nuevo León","isoCode":"NLE"},{"id":296,"country":204,"name":"Oaxaca","isoCode":"OAX"},{"id":297,"country":204,"name":"Puebla","isoCode":"PUE"},{"id":298,"country":204,"name":"Querétaro","isoCode":"QUE"},{"id":299,"country":204,"name":"Quintana Roo","isoCode":"ROO"},{"id":300,"country":204,"name":"San Luis Potosí","isoCode":"SLP"},{"id":301,"country":204,"name":"Sinaloa","isoCode":"SIN"},{"id":302,"country":204,"name":"Sonora","isoCode":"SON"},{"id":303,"country":204,"name":"Tabasco","isoCode":"TAB"},{"id":304,"country":204,"name":"Tamaulipas","isoCode":"TAM"},{"id":305,"country":204,"name":"Tlaxcala","isoCode":"TLA"},{"id":306,"country":204,"name":"Veracruz","isoCode":"VER"},{"id":307,"country":204,"name":"Yucatán","isoCode":"YUC"},{"id":308,"country":204,"name":"Zacatecas","isoCode":"ZAC"},{"id":309,"country":3,"name":"Chieti","isoCode":"CH"},{"id":310,"country":3,"name":"Cosenza","isoCode":"CS"},{"id":311,"country":3,"name":"Cremona","isoCode":"CR"},{"id":312,"country":3,"name":"Crotone","isoCode":"KR"},{"id":313,"country":3,"name":"Cuneo","isoCode":"CN"},{"id":314,"country":3,"name":"Enna","isoCode":"EN"},{"id":315,"country":3,"name":"Fermo","isoCode":"FM"},{"id":316,"country":3,"name":"Ferrara","isoCode":"FE"},{"id":317,"country":3,"name":"Reggio Calabria","isoCode":"RC"},{"id":318,"country":3,"name":"Reggio Emilia","isoCode":"RE"},{"id":319,"country":3,"name":"Roma","isoCode":"RM"},{"id":320,"country":3,"name":"Rovigo","isoCode":"RO"},{"id":321,"country":3,"name":"Sassari","isoCode":"SS"},{"id":322,"country":100,"name":"Kagoshima","isoCode":"46"},{"id":323,"country":100,"name":"Kanagawa","isoCode":"14"},{"id":324,"country":100,"name":"Kochi","isoCode":"39"},{"id":325,"country":100,"name":"Kumamoto","isoCode":"43"},{"id":326,"country":198,"name":"North Dakota","isoCode":"ND"},{"id":327,"country":198,"name":"Ohio","isoCode":"OH"},{"id":328,"country":198,"name":"Oklahoma","isoCode":"OK"},{"id":329,"country":198,"name":"South Carolina","isoCode":"SC"},{"id":330,"country":198,"name":"South Dakota","isoCode":"SD"},{"id":331,"country":198,"name":"Texas","isoCode":"TX"},{"id":332,"country":198,"name":"West Virginia","isoCode":"WV"},{"id":333,"country":198,"name":"Wisconsin","isoCode":"WI"},{"id":334,"country":198,"name":"Wyoming","isoCode":"WY"},{"id":335,"country":198,"name":"District of Columbia","isoCode":"DC"},{"id":336,"country":61,"name":"Australian Capital Territory","isoCode":"ACT"},{"id":337,"country":61,"name":"New South Wales","isoCode":"NSW"},{"id":338,"country":61,"name":"Queensland","isoCode":"QLD"},{"id":339,"country":159,"name":"British Columbia","isoCode":"BC"},{"id":340,"country":1,"name":"Balears","isoCode":"ES-PM"},{"id":341,"country":159,"name":"Quebec","isoCode":"QC"},{"id":342,"country":1,"name":"Badajoz","isoCode":"ES-BA"},{"id":343,"country":1,"name":"Granada","isoCode":"ES-GR"},{"id":344,"country":1,"name":"Ourense","isoCode":"ES-OR"},{"id":345,"country":1,"name":"Zaragoza","isoCode":"ES-Z"},{"id":346,"country":3,"name":"Barletta-Andria-Trani","isoCode":"BT"},{"id":347,"country":3,"name":"Firenze","isoCode":"FI"},{"id":348,"country":3,"name":"Macerata","isoCode":"MC"},{"id":349,"country":3,"name":"Olbia-Tempio","isoCode":"OT"},{"id":350,"country":3,"name":"Ravenna","isoCode":"RA"},{"id":351,"country":3,"name":"Treviso","isoCode":"TV"},{"id":352,"country":100,"name":"Fukuoka","isoCode":"40"},{"id":353,"country":100,"name":"Miyazaki","isoCode":"45"},{"id":354,"country":100,"name":"Tochigi","isoCode":"09"},{"id":355,"country":89,"name":"Ciudad de Buenos Aires","isoCode":"C"},{"id":356,"country":89,"name":"Santa Fe","isoCode":"S"},{"id":357,"country":222,"name":"Jambi","isoCode":"ID-JA"},{"id":358,"country":222,"name":"Jawa Barat","isoCode":"ID-JB"},{"id":359,"country":222,"name":"Jawa Tengah","isoCode":"ID-JT"},{"id":360,"country":222,"name":"Jawa Timur","isoCode":"ID-JI"},{"id":361,"country":222,"name":"Kalimantan Barat","isoCode":"ID-KB"},{"id":362,"country":222,"name":"Kalimantan Selatan","isoCode":"ID-KS"},{"id":363,"country":222,"name":"Kalimantan Tengah","isoCode":"ID-KT"},{"id":364,"country":222,"name":"Kalimantan Timur","isoCode":"ID-KI"},{"id":365,"country":222,"name":"Kalimantan Utara","isoCode":"ID-KU"},{"id":366,"country":222,"name":"Kepulauan Bangka Belitug","isoCode":"ID-BB"}]